p_bar,of_1,of_1_5,of_2,of_2_5,of_3,of_3_5,of_4,of_4_5,of_4_6,of_4_7,of_4_8,of_4_9,of_5,of_5_1,of_5_2,of_5_3,of_5_4,of_5_5,of_5_6,of_5_7,of_5_8,of_5_9,of_6,of_6_1,of_6_2,of_6_3,of_6_4,of_6_5,of_7,of_7_5,of_8,of_8_5,of_9,of_9_5,of_10,of_10_5,of_11,of_11_5,of_12,of_12_5,of_13,of_13_5,of_14,of_14_5,of_15,of_15_5,of_16,of_16_5,of_17,of_17_5,of_18,of_18_5,of_19,of_19_5,of_20
1,559.381322029152,559.44275467505,507.320149336634,472.374106875685,449.101871346026,433.085067393049,421.617772925445,413.06270071843,411.60669137719,410.2212292509,408.901289093394,407.642327963594,406.440220518152,405.291215521403,404.191894798511,403.13913710443,402.130086347558,401.162123648461,400.232842759317,399.34002842156,398.481637286729,397.655781071756,396.860711661649,396.094807909993,395.35656392093,394.644578625183,393.957543927387,393.294243456215,390.296369895729,387.748177832563,385.562018610955,383.671642808646,382.0259187354,380.584698748586,379.315971520269,378.193902364195,377.197397329749,376.309066263629,375.514447435547,374.801420898464,374.159758383351,373.580773657031,373.057047868604,372.582213799409,372.15077247591,371.757965641411,371.399651856057,371.072214942953,370.772486200669,370.497680085027,370.24534042405,370.013295296063,369.799618981372,369.602599732836,369.420712359645
1.01325,559.268565499386,559.44258935957,507.31781781558,472.359518575669,449.072377131945,433.044619268267,421.570845006228,413.01258381628,411.556210645897,410.170454726372,408.850283237792,407.591146510436,406.38891315108,405.239826521656,404.140463631768,403.087698948579,402.078672564837,401.110762205924,400.181558602386,399.288843805109,398.430572068265,397.604852970816,396.809936489254,396.044199771663,395.306135396364,394.594340927488,393.907507023765,393.244416222075,390.247693086747,387.700760200164,385.515912195327,383.626864481939,381.982463134258,380.542546363459,379.275093662484,378.154264635647,377.158961803366,376.271792978721,375.478295441079,374.766348977458,374.125725562788,373.547739568058,373.024973000327,372.551058991148,372.120501702111,371.728542194264,371.371040933105,371.044383056174,370.745401174897,370.471311053888,370.21965781257,369.988270795443,369.775225517785,369.578811431999,369.397504508159
2,553.06260836561,559.425301534467,507.214412618852,471.678119977918,447.630728672317,431.011009266095,419.171535896291,410.426699724141,408.94842402608,407.54474971728,406.210233953751,404.93994696917,403.729418125043,402.574583896752,401.471749069455,400.417546997097,399.408893128404,398.442974045472,397.517206962736,396.629219159403,395.776826970103,394.958015945992,394.170926429764,393.413837039987,392.685152152346,391.98339028969,391.3071737494,390.65521951291,387.720124979578,385.241214450179,383.127495723442,381.310642357447,379.738212542273,378.369214091056,377.171100362286,376.117691395776,375.18768220284,374.363559366791,373.630801199148,372.977273753067,372.392756084806,371.868600701778,371.397439518897,370.972964657642,370.589750500661,370.243111403961,369.92897978959,369.643819314396,369.384539550992,369.148432877102,368.933119894542,368.736503821024,368.556732080212,368.392163809781,368.241342261409
3,548.986594320619,559.39744992183,507.166411840812,471.33623569651,446.851945424737,429.858723142119,417.771574666485,408.893022678266,407.398397958907,405.981128653553,404.635497485365,403.356324434464,402.138909674103,400.978983897247,399.872663367203,398.816409517767,397.80699282521,396.841458386685,395.917109379085,395.031455188983,394.182218223216,393.367300574552,392.584757905253,391.832802131808,391.109775011393,390.414138901031,389.744468222024,389.099429418461,386.20320219978,383.76778645429,381.699847184199,379.929602687097,378.40368952714,377.080524798355,375.927181600472,374.917238219884,374.029239653566,373.245587327134,372.551716963569,371.935480385283,371.386673697951,370.896672390356,370.458148774853,370.064833692303,369.711355151671,369.393079890415,369.105999480116,368.846630348603,368.611939664203,368.399276248375,368.206314245045,368.031010754124,367.871564858004,367.72638551049,367.59406381997
4,545.913968844949,559.359181247729,507.137403875471,471.120760885348,446.337864787539,429.073068281985,416.796740389703,407.811956336133,406.304013171349,404.875558287464,403.520675860748,402.233998006894,401.010651381435,399.846207691089,398.736638507426,397.678274184011,396.667764637633,395.702054884015,394.778342823027,393.894060985175,393.046851099837,392.234543241762,391.455140619732,390.706789633733,389.987785804413,389.296549708847,388.631607111637,387.991596607046,385.123945356918,382.720812365656,380.686997108417,378.95155802453,377.460396934936,376.171459209925,375.051519505961,374.073960204114,373.217209653618,372.463601977746,371.798540879219,371.209871011586,370.687398928582,370.222523055207,369.80794439836,369.437437917041,369.105670062755,368.808054646851,368.540621982527,368.299940978964,368.083021240491,367.887257670985,367.7103695828,367.550356356939,367.40545839476,367.274124603771,367.154983741182
5,543.423751801188,559.31066835741,507.117403955033,470.968178066124,445.961503452381,428.483576283852,416.053010866727,406.978911412842,405.459554295389,404.021450662649,402.658525414908,401.365260037554,400.136640597459,398.968108966403,397.85551769881,396.795086593573,395.783373492495,394.817228546093,393.893771566268,393.010363059526,392.164580033465,391.354194444466,390.577154014265,389.831565159727,389.115677800145,388.427875091804,387.766648104077,387.130605294906,384.285701478099,381.908462529925,379.902102869636,378.194701697546,376.731540348926,375.47016675621,374.377101463307,373.425564829274,372.59388720006,371.864347342473,371.222323552291,370.655656154464,370.154162282218,369.709261458195,369.313683138656,368.96123572742,368.646622382665,368.365292804523,368.113322684125,367.887320459816,367.684329810473,367.501786913181,367.337448944715,367.189351675959,367.055770472147,366.935187403441,366.826263399083
6,541.318124524048,559.252202906408,507.102511319909,470.852456533674,445.668611383136,428.015616459271,415.454337697068,406.302584676039,404.773151606865,403.326485982725,401.956381559002,400.657194278665,399.423791907677,398.251506183676,397.136086115179,396.073664256103,395.060708117627,394.093992911522,393.170569043412,392.287734430471,391.443009730099,390.634116219389,389.858956069464,389.115594766153,388.402245448408,387.717254949208,387.059091348542,386.426332864558,383.600402689827,381.244890462574,379.261628051365,377.577835341865,376.138250549111,374.900074594821,373.82960451411,372.899924968086,372.089277802709,371.379896695433,370.757138134313,370.208840655907,369.724832163037,369.296552089247,368.916756117776,368.579283140235,368.278869511181,368.010999682004,367.771784753287,367.557866013914,367.366330511832,367.194639903651,367.04058757591,366.902241220031,366.777906767305,366.666095430022,366.565495822786
7,539.487199663813,559.184116825401,507.090833422728,470.760606442966,445.431229754745,427.629984651853,414.955029817544,405.734242908769,404.195736439657,402.741327936234,401.364700329889,400.060102221758,398.822299285367,397.646525759438,396.528446948402,395.464108600524,394.449905166242,393.482543877976,392.559013533545,391.676556372447,390.832642834732,390.02494896862,389.251336245329,388.509833544599,387.798621085781,387.116016094751,386.460460015061,385.830507089333,383.020887193021,380.684157658613,378.720906347933,377.057579191817,375.638430701808,374.420351804757,373.369441862048,372.458661516983,371.66617807276,370.974183778409,370.368019060116,369.835521827704,369.366530097934,368.952502703573,368.586219923041,368.261548929013,367.973256652438,367.71685896492,367.488500493866,367.28485267179,367.103034479324,366.940541593517,366.795197573744,366.665093380685,366.548565047495,366.444149737972,366.350560652431
8,537.863185098965,559.106773429575,507.08135479497,470.685298002451,445.233171773422,427.303596075277,414.527938997037,405.244797202676,403.698002989762,402.236496511841,400.853865308785,399.544264518091,398.302370117397,397.123331550027,396.002735164783,394.936553573803,393.921114157086,392.953062945638,392.029333131732,391.147116597535,390.303838287982,389.497133219013,388.724825897342,387.984911926088,387.275541578026,386.595005130533,385.941719771842,385.314217905077,382.518933793598,380.198786893981,378.253232901331,376.608016538872,375.20695051648,374.006644389877,372.97301859988,372.078922040372,371.302455319247,370.625774889074,370.034206781052,369.515589005182,369.059771481335,368.658231038656,368.303771264405,367.990286420071,367.712570983553,367.466170780762,367.247260341031,367.052540723156,366.879159964285,366.724641978065,366.586834926575,366.463863648547,366.354080807625,366.256049835305,366.168506111786
9,536.401140157339,559.02058821451,507.073442532148,470.622028946494,445.064276617485,427.021752984868,414.1556266729,404.815492222863,403.261046358637,401.792966054284,400.404755608568,399.090487666387,397.844758338176,396.662641039951,395.539650926369,394.471694375607,393.455037802587,392.486271442838,391.562277671869,390.680202260235,389.837428426253,389.031553503004,388.260368013943,387.521836943133,386.814082989603,386.135371604013,385.484097619747,384.858773305133,382.076290343261,379.771019602973,377.841362928916,376.212422188253,374.827603514302,373.643258009398,372.625142232806,371.746003183353,370.983881139005,370.320900692252,369.74237571108,369.236145795333,368.792072043649,368.401649080648,368.057702748706,367.754151898501,367.485818809814,367.248276518186,367.037727445239,366.850900693478,366.684970320187,366.537486759949,366.406323202167,366.289625833692,366.185777863762,366.093356143789,366.01111906382
10,535.06961564966,558.926030599308,507.066696240139,470.567850382077,444.917775842081,426.774539402331,413.826252239029,404.433530368596,402.871960794575,401.397743116755,400.00430822442,398.685655182763,397.436306673583,396.251271953834,395.125996621922,394.056328041757,393.038476664648,392.068981361251,391.144677616309,390.262668570275,389.42029880531,388.615130718626,387.84492329541,387.107613080331,386.401297144623,385.724217852435,385.074749240832,384.451384727844,381.680483044234,379.388712970338,377.473510065809,375.859373507845,374.489328184906,373.319487755087,372.315457279405,371.449889039931,370.700771073135,370.050196523712,369.483469880954,368.988433153396,368.554958690513,368.174558432595,367.840079588148,367.545464947198,367.285562211641,367.055970500216,366.852918450534,366.673160484539,366.513896728998,366.372701517775,366.247471300736,366.13637442634,366.037812582058,365.950390689008,365.872876915769
11,533.845730364778,558.823556253264,507.060845229644,470.520742278611,444.788950201912,426.554961919126,413.531402514993,404.089791190134,402.52154472852,401.04156011528,399.643202957916,398.320406139476,397.067627120589,395.879812347717,394.75234778874,393.681024977154,392.662002586358,391.691771831915,390.767124596139,389.885124305844,389.043079496312,388.238519930369,387.469175103582,386.732954947333,386.027932535473,385.352328603539,384.704497697946,384.082915784821,381.322595121144,379.043204507712,377.141268442655,375.540722676409,374.184238748201,373.027706639826,372.036590322973,371.183455139946,370.446238477777,369.807007594154,369.251058199777,368.766235391751,368.342422817546,367.971149312158,367.645282682614,367.358788635106,367.106539085031,366.884157897339,366.687898494196,366.514539633764,366.361305222962,366.225792176389,366.105918814559,365.999874177694,365.906079521765,365.823155219777,365.749895291546
12,532.712248977887,558.713631330711,507.055699025517,470.479281321204,444.674387820514,426.357911607757,413.264886778815,403.777546815134,402.203007652559,400.717575414196,399.314557261867,397.987826142942,396.731779946106,395.541307360747,394.411739244772,393.338815316052,392.318646033266,391.34767811642,390.422662646786,389.54062582269,388.69884233905,387.894811285777,387.126234414808,386.390996600684,385.687148309542,385.012889890947,384.366557513647,383.746610576643,380.996036874615,378.728086452568,376.838423592173,375.250454041395,373.90651604291,372.762289575818,371.783106418626,370.941450819564,370.215213291832,369.586437544723,369.040411822221,368.564984881352,368.150051694313,367.787157614728,367.469190373533,367.190137491941,366.94489442065,366.729108439342,366.53905651334,366.371540460019,366.22380690514,366.093473585311,365.978479622316,365.877033485573,365.787574770706,365.708741098115,365.639340243082
13,531.655865201759,558.596761629934,507.051110968384,470.442401006979,444.571548151701,426.179547794925,413.022026026574,403.491689062086,401.911192198049,400.420595027566,399.013144589921,397.682663171085,396.423493940184,395.230472180953,394.09887753646,393.024401374048,392.003109014878,391.031405413268,390.106003270652,389.223893705099,388.382319478786,387.578750704523,386.810862900104,386.076517228891,385.373742750616,384.700720503098,384.055769239496,383.437332654626,380.695799243452,378.438487916027,376.560254304306,374.983999800802,373.651743782659,372.518969747568,371.550885182031,370.7198983069,370.003856033168,369.384780545085,368.847953750191,368.38122855043,367.974511199673,367.619363320113,367.30869192558,367.03650597489,366.797722776507,366.588012341964,366.403674090957,366.241531777729,366.098852753677,365.973276048522,365.862759706098,365.765530526028,365.680045375637,365.604958525809,365.539092103047
14,530.666075026267,558.473412613575,507.046993088068,470.409304019675,444.478492567196,426.016913778393,412.799197875353,403.228263093476,401.642102939209,400.146579324893,398.734902797947,397.400834340919,396.138670504236,394.943196955407,393.809645520776,392.733662242703,391.711269993677,390.738834348826,389.813031747065,388.930820105171,388.08941192123,387.286249814406,386.518984388876,385.785454273922,385.083668173818,384.411788754327,383.768118194568,383.151085239737,380.41798534266,378.170629202413,376.303096660702,374.73780881455,373.416491226227,372.294434354743,371.336729100173,370.51571234672,369.809190269649,369.199165288275,368.670913971677,368.212293775968,367.813222339892,367.465277059011,367.161383768218,366.895571947599,366.662780308623,366.458700513821,366.279653470516,366.122483875858,365.984478670281,365.863298117081,365.756916759644,365.663579381769,365.581759183744,365.510125312485,365.447515035894
15,529.734432827886,558.344086726854,507.043259121092,470.379374074928,444.393710822129,425.867687262675,412.593542060339,402.984126892047,401.392565429472,399.892338062797,398.476612396992,397.139103012299,395.874059928864,394.676222532833,393.540777827632,392.463329199202,391.439859444682,390.466696867465,389.540483514256,388.658145760585,387.816867314864,387.014064613458,386.247364513777,385.514584151229,384.813712803235,384.142895593715,383.500418871391,382.88469709955,380.15950376557,377.921505057061,376.064039545228,374.509071557828,373.198041427544,372.086059978519,371.138107537389,370.326452328339,369.628862633149,369.027322690393,368.507104564211,368.05607063496,367.664149858737,367.322935206014,367.025370800057,366.765506001356,366.538300177995,366.339465826144,366.16534447302,366.012800871041,365.879141284325,365.762044414912,365.659502325061,365.569776290074,365.491355010876,365.422922143476,365.363328499765
16,528.854040539168,558.209245584251,507.039847536843,470.352132484248,444.316000557856,425.730012690311,412.4027616507,402.756753644928,401.160025627816,399.655291153581,398.235674678681,396.894858852844,395.627042192345,394.426920878469,393.289641069382,392.210765868813,391.186240111595,390.21235670662,389.285724974846,388.403241230017,387.562061704962,386.75957782165,385.993393730795,385.26130600104,384.561285310614,383.891459981981,383.250101196183,382.635609728601,379.91786084028,377.688694267105,375.840738080533,374.295519133636,372.99420491812,371.891735158857,370.952983689308,370.150154800516,369.46098074847,368.867428963082,368.354767785075,367.910864823723,367.525660329231,367.190762577013,366.899133527055,366.644841836524,366.422866852619,366.228941164979,366.059426137929,365.911205778074,365.781604864624,365.66831973509,365.569359180052,365.483000197144,365.40774624357,365.342294768756,365.285509443769
17,528.01917656836,558.069347507918,507.036706984103,470.32719250908,444.244406917154,425.602385207305,412.224984977771,402.544079042263,400.942396301623,399.433332444766,398.009976024758,396.665966828089,395.395474227003,394.193142055168,393.054080663633,391.973815002233,390.948253839023,389.973656373164,389.046600695983,388.163954387835,387.322847386114,386.520647147641,385.754936050508,385.023490929274,384.324264606447,383.65536926739,383.015061520712,382.401728987809,379.691015826656,377.470215879207,375.631274354171,374.095295530922,372.803192493718,371.709734007951,370.779694205338,369.985217010978,369.304000549786,368.717996691272,368.212470731379,367.775295779196,367.39642334845,367.067476766375,366.781435412942,366.532386706672,366.315329354885,366.126015366118,365.960825230098,365.816661480531,365.69086667918,365.581154072417,365.485548465225,365.402341883914,365.330051871779,365.26738902809,365.21322926813
18,527.225076011225,557.924814010306,507.033803431686,470.304242752815,444.178138537317,425.483568522109,412.058667323716,402.344395142264,400.737950002397,399.224718361067,397.797755921812,396.450666211424,395.177576985286,393.973104933933,392.832311420393,391.750689021619,390.72411215053,389.748807818682,388.821324239812,387.938501461627,387.097444192864,386.295496873777,385.530220954313,384.79937428769,384.100892512565,383.432872278118,382.793556158552,382.181319103912,379.477277472465,377.264428573918,375.434056979086,373.906870702511,372.62352288627,371.538628360563,370.616863348178,369.830313886592,369.15664602509,368.577797194055,368.079030253908,367.648224050776,367.275341325387,366.952020218253,366.671257142659,366.427157784737,366.214739063956,366.029773526779,365.868658400058,365.728314659872,365.606101982884,365.499749863213,365.407298471546,365.327054233601,365.257548171518,365.197503452132,365.145807679218
19,526.467678613829,557.776105776183,507.031102443946,470.283028119677,444.116545699031,425.372535232083,411.902519396521,402.156273003048,400.545241030575,399.027989327671,397.597543488944,396.247473356377,394.971871095775,393.765313702127,392.622837696295,391.539890138678,390.512316385174,389.536312642884,388.608398477008,387.725387494305,386.884360144836,386.082638714899,385.317764494144,384.587477038902,383.889695415084,383.222501282005,382.584123668695,381.97292529267,379.275228514434,377.069957238806,375.247760783131,373.728957081136,372.453957132131,371.377223386488,370.46334045674,369.684337577423,369.017850767803,368.445804035137,367.953458352645,367.528698512163,367.161498439925,366.843510864071,366.567748870648,366.328335955741,366.120307298129,365.939453694641,365.782190228697,365.645455136908,365.526624599122,365.423443752473,365.333967540751,365.256516215107,365.189633725059,365.13205527173,365.082679644054
20,525.743522973904,557.623609326391,507.028577743882,470.263337321861,444.0590862414,425.268422820471,411.75545429721,401.978501404494,400.36304745312,398.841911374007,397.40809492973,396.05513660936,394.777095142669,393.568513351724,392.424394017553,391.340150946474,390.311598299333,389.334902742309,388.406556315083,387.523347181204,386.682332418694,385.880812948307,385.116310601298,384.386547262814,383.689425984536,383.023013935316,382.385527046218,381.775316203277,379.083669526962,376.885638369016,375.071257567402,373.560468134265,372.293446891391,371.224510401965,370.318153509945,369.546352578773,368.886714613592,368.321151123431,367.834921690248,367.41591723552,367.054122825602,366.741205561961,366.47019486582,366.235231617127,366.031368767017,365.8544148336,365.700802206015,365.567485819067,365.451857792756,365.351678351409,365.265016668473,365.190206293446,365.125803594067,365.07055532841,365.023371006116
21,525.049626714762,557.467706936665,507.02620746494,470.244993623259,444.005303484853,425.170500580171,411.616547532393,401.810058476726,400.190327294564,398.665432003274,397.228349145366,395.872587978528,394.592175761535,393.381622940732,392.235896391348,391.150389493741,390.120875146083,389.143495422946,388.214715869502,387.331300122205,386.490282701206,385.688943885788,384.92478669343,384.195515912687,383.499019093952,382.833349374186,382.196709997165,381.587440385766,378.901576457154,376.710478783742,374.90358678774,373.400476565404,372.141096636425,371.079628111936,370.180473801126,369.415561479512,368.762470198527,368.20310110855,367.722711063564,367.309197999315,366.952558073567,366.644472557089,366.377986888939,366.147258934731,365.94735896425,365.774112725364,365.623969401955,365.493900106483,365.381312378733,365.283981016992,365.19998892231,365.127682460353,365.06562995218,365.012589264552,364.967480206458
22,524.383400959844,557.308759094384,507.023973242197,470.227847873162,443.954809486069,425.078144384506,411.485006407791,401.650056112367,400.026184938991,398.497646341874,397.057393681885,395.698908923669,394.416189655567,393.20371559834,392.056422835341,390.9696748014,389.93921519354,388.961158942583,388.031946049659,387.148316468868,386.307282913295,385.506105688535,384.742269592745,384.013462847801,383.317557975865,382.652594504938,382.016763370168,381.408392870965,378.728068028314,376.543623942272,374.743922237081,373.248185064706,371.996141583621,370.941836793733,370.049590206997,369.291280642535,368.644460438838,368.091021181132,367.616218035722,367.207955720947,366.856241434665,366.552770422087,366.290603840959,366.063916168968,365.867794570501,365.698081564603,365.551242654433,365.424264646416,365.314570016924,365.219947663565,365.138493751259,365.068567013367,365.008747295142,364.957803161971,364.91466433267
23,523.742583211193,557.147104304857,507.021859522504,470.211773187018,443.907272160058,424.99081718091,411.360146284522,401.497728787545,399.869841282675,398.33777082365,396.894438253173,395.533303753414,394.248336898439,393.033988204266,391.885164341061,390.797196236022,389.765810899939,388.787085703289,387.857439784372,386.973590196807,386.132528541672,385.331495769013,384.567959008041,383.839590404516,383.144247890285,382.479957775889,381.844899038444,381.237389168304,378.56238038147,376.384333299729,374.591548038074,373.102903031686,371.857914658732,370.810496113207,369.924886447361,369.172917381781,368.53211623796,367.984363982758,367.51491680621,367.111684953568,366.764686918315,366.465631733664,366.207595993067,365.984770434841,365.792258720152,365.625919710375,365.482234783838,365.358205989633,365.251270291643,365.159230244584,365.080194846671,365.012534784029,364.954841028122,364.905892463571,364.864628358922
24,523.125184053903,556.983059230363,507.019853033897,470.196660832351,443.862405251874,424.908053722055,411.241371954522,401.352409586805,399.72062797167,398.185122482837,396.738793903887,395.375078686472,394.087919918973,392.871740319242,391.721418421243,390.63225744199,389.59995414686,388.620571142291,387.690492937988,386.806418058163,385.965317637501,385.164413844775,384.401156651491,383.67320258305,382.978395387786,382.314748522467,381.680429331831,381.073744789249,378.403847107982,376.23196090376,374.445839920163,372.964028373558,371.72583363876,370.685048127223,369.805826045748,369.059956082132,368.424941642038,367.88265418066,367.418349708963,367.019945833709,366.677471672278,366.382650264447,366.12857261658,365.909445750972,365.720389451401,365.557278519062,365.416609791248,365.2954001382,365.191100591341,365.10152695049,365.024800646002,364.959303930761,364.903638532588,364.856593303118,364.817116726737
25,522.529444388742,556.816919092522,507.017937392665,470.182417009467,443.819960442776,424.829448480526,411.128162743833,401.213514051047,399.577949109542,398.039102480499,396.589856430013,395.223625189171,393.93432677597,392.716357415082,391.564568690888,390.474237179614,389.441033863863,388.460996926616,387.530487524619,386.646182824304,385.805034095629,385.004245261257,384.24124961147,383.513688476016,382.819391798817,382.156360521813,381.52275066085,380.916858944464,378.251883353785,376.085939958062,374.306250227688,372.831033023406,371.599394702846,370.565003766555,369.691938891711,368.951945053732,368.322502766263,367.785474585495,367.326117037936,366.932354506089,366.594226981611,366.303470510666,366.053192171484,365.837613563275,365.651870550031,365.491853494011,365.354074300789,365.235564266076,365.133788095745,365.046574449405,364.972056814767,364.908628651306,364.85490209851,364.809675647072,364.771906686575
26,521.953800780454,556.64895828677,507.016112885574,470.168960305187,443.779721043877,424.754645986047,411.020060800394,401.080527046831,399.441282627324,397.899179282124,396.447093071777,395.078406599588,393.787017728827,392.567297405093,391.41407136144,390.322590552091,389.288501059035,388.307813823079,387.37687821002,386.492339810304,385.651134208151,384.850447580305,384.087696981166,383.360508941797,382.66669995604,382.004258767774,381.371330347577,380.766201433541,378.105973037785,375.945770395994,374.172295889304,372.703451302011,371.478147307051,370.449931978305,369.58281076335,368.848486424655,368.22441753862,367.69245833167,367.237866137996,366.848572204242,366.514627318508,366.227780847298,365.981154133311,365.768984837517,365.586424217162,365.42937720044,365.294370709656,365.178450094146,365.079093365115,364.994141680616,364.921740234721,364.860293356541,364.808423275039,364.764937813789,364.728802977835
27,521.396857132701,556.479431141698,507.014365754279,470.156212507226,443.741496980137,424.683333026808,410.916661356869,400.952992460013,399.310165983519,397.764892126625,396.310031626811,394.938947186076,393.645514260885,392.424079650939,391.269444286039,390.176834389451,389.141872003995,388.160545065365,387.229181345909,386.344405921649,385.503135728321,384.7025396656,383.940018969405,383.213185744263,382.51984336612,381.857968677013,381.225695849052,380.621302005204,377.965658479844,375.811008815054,374.043548658612,372.580867920422,371.361694262817,370.339450923963,369.478074835704,368.749227951624,368.130347803405,367.603280818154,367.153285407724,366.768299750438,366.438385423764,366.155304892414,365.912193936994,365.703305245441,365.523804833284,365.369613539694,365.237271654346,365.123838539179,365.026805163403,364.944024843864,364.873654151393,364.814107968728,364.764018312471,364.72220205242,364.687633538112
28,520.857361345944,556.308572798987,507.0126885005,470.144125171228,443.705120672398,424.615227819699,410.817604925225,400.830504397461,399.184187583144,397.635821149119,396.178251750276,394.804823396134,393.509390278006,392.286276109225,391.130257976773,390.036538269145,389.000715763479,388.018756092379,387.08696249184,386.201950784613,385.360609048696,384.56009291483,383.797788192472,383.071292907998,382.378397625731,381.717067568282,381.085426395899,380.481741565252,377.830531913042,375.681260232555,373.919627130861,372.462920437428,371.249681995382,370.2332207835,369.377404740226,368.653856328108,368.039992870549,367.517653490665,367.072097919892,366.691271371304,366.365246115015,366.085797574785,365.846075784552,365.640348078825,365.46379541835,365.312352780604,365.182575149778,365.07153535468,364.976736242023,364.896043319186,364.827624223622,364.769904094608,364.721524452883,364.681310945581,364.648246012667
29,520.334185937112,556.136600164882,507.011074534716,470.132636574889,443.670443700766,424.5500925647,410.722570842245,400.712700147445,399.062979503755,397.511594064916,396.051377555695,394.675656420676,393.37826465406,392.15350387604,390.996128239356,389.901317120132,388.864646768658,387.882061175051,386.9498430801,386.064589219832,385.223169638489,384.422723659749,383.660622034056,382.934449040953,382.241982737409,381.581176983343,380.950145144669,380.347145361148,377.700228483704,375.55617128788,373.800190158778,372.349277715191,371.141794401237,370.130937829426,369.280508849489,368.562091673375,367.953084204425,367.435318721142,366.994056517494,366.617249890863,366.294981750173,366.019040329537,365.782589661542,365.579911599415,365.406201634011,365.257408985436,365.130102350642,365.021367212759,364.928719878581,364.850036318125,364.783495281796,364.727531885552,364.680796887455,364.642124459073,364.610504892153
30,519.826311836845,555.963712905551,507.009518039291,470.121698044837,443.637334052474,424.487702742917,410.631271921043,400.599254289043,398.946211573922,397.391876722291,395.929068065451,394.551106145622,393.251795152595,392.02541908266,390.866710009171,389.770825070447,388.733318686368,387.750113827452,386.817473294751,385.931971729473,385.090472088736,384.290087273835,383.528176830106,382.802311598948,382.110257402384,381.449956988603,380.819513650911,380.217176410941,377.574420436912,375.435424599398,373.684931388425,372.239644694849,371.037747737984,370.032329496538,369.187125530454,368.473682967531,367.869381023591,367.356045574722,366.918939694859,366.546022816038,366.227388430164,365.954837462116,365.721547668725,365.521815245904,365.35084991974,365.204614864212,365.079692193362,364.973180152179,364.882606688476,364.805860114964,364.74112864815,364.686857442615,364.641706242119,364.604517504394,364.574289148246
31,519.332814756074,555.790094462436,507.00801385588,470.111266299437,443.605673840829,424.427860969372,410.543449988304,400.48987377098,398.833586397685,397.276368082053,395.811025290101,394.43086606642,393.129673319324,391.901711771999,390.741692224274,389.64475030765,388.606419269317,387.622601648787,386.689540832322,385.803793230947,384.962204938842,384.161872997624,383.400142677757,382.674571676949,381.982913844454,381.323101050967,380.693226726963,380.091530964078,377.452812123466,375.318734044071,373.573574690311,372.13375548666,370.937286374517,369.937150281297,369.097019176287,368.388404208855,367.78866660839,367.279626254165,366.846548196804,366.477399067207,366.162282860275,365.893013011706,365.662780925278,365.465896808135,365.297584388738,365.153820519785,365.031200451039,364.926834910195,364.838263595495,364.76338542808,364.70039990646,364.647760657159,364.604136485717,364.568377911072,364.539490267129
32,518.852853645683,555.615913067616,507.006557392379,470.101302701804,443.575357402495,424.370389689007,410.458872138787,400.384293774738,398.724835171225,397.164795995933,395.696972696871,394.314659010672,393.011620185808,391.782101588381,390.620793505844,389.52281075396,388.483666029533,387.499241998267,386.565763128818,385.679768044795,384.83808637079,384.037799639985,383.276239159775,382.550949762329,381.859673572379,381.200331805079,380.571008226737,379.969934177187,377.335136469839,375.205840786951,373.465870314629,372.031369651653,370.840179201289,369.845178286584,369.009976895571,368.306051243469,367.71074523145,367.205873129776,366.776702147967,366.411206142068,366.099499586179,365.833408301582,365.606137108252,365.412010018907,365.246264516189,365.104890870021,364.984497197497,364.882206434984,364.795569764443,364.722496833037,364.661196774388,364.610133105768,364.56798284189,364.533604729244,364.506010598502
33,518.385660873343,555.441322744052,507.005144545402,470.091772635335,443.54628061154,424.315128595393,410.377327603895,400.282274216803,398.619714145262,397.056913636032,395.586659994797,394.202233519536,392.897382634482,391.666334130617,390.503758503032,389.404750406362,388.364802576836,387.379778334731,386.445883702648,385.559639936828,384.71785704814,383.917611947216,383.156211721637,382.431192119529,381.740283776696,381.081397463333,380.452607470151,379.852136554221,377.221150609909,375.096509921596,373.361591640104,371.932269060874,370.746216598612,369.756208459306,368.925805681027,368.226439030905,367.635439538352,367.134616220686,366.709238632002,366.347287898453,366.03888889682,365.775879710489,365.551478394473,365.360022551468,365.196763181043,365.057703718837,364.939464894575,364.839181600375,364.754416251682,364.683089122973,364.623418827238,364.573878010119,364.533151995892,364.500106798932,364.473761993085
34,517.930533818211,555.266464279086,507.003771635343,470.082644982894,443.518375345457,424.261932585212,410.298624923233,400.183596810166,398.518001654436,396.952496458582,395.479860283615,394.093360770026,392.786730306753,391.554177849495,390.390354783382,389.290336222832,388.249595503427,387.263977101907,386.329669042901,385.443175614391,384.601290991579,383.801077510004,383.039828587962,382.315067717342,381.624514268959,380.966068768205,380.337796209405,379.737910927573,377.110633595526,374.990527451953,373.260532408039,371.83625522399,370.655207860265,369.670065397084,368.844330021624,368.149399342237,367.56258832526,367.065701079676,366.644009662672,366.285502507256,365.980314833516,365.720296859954,365.498679701945,365.309814345068,365.148965078183,365.012148309662,364.895997054335,364.797657954011,364.714704417921,364.645066818948,364.586973571654,364.53890598298,364.499557484261,364.467801545615,364.442664586282
35,517.486827643796,555.091466162839,507.002435351723,470.073891678393,443.491555421462,424.210669864962,410.22258990037,400.088062366036,398.419495378936,396.851339627536,395.37636654559,393.987828461439,392.679452981067,391.445421395218,390.280370173864,389.179355459581,388.137831719708,387.151625064836,386.216905948012,385.330162068884,384.488172105143,383.687980699144,382.926878124679,382.202365599815,381.512154862271,380.854136383211,380.226366031139,379.627049871984,377.00338369674,374.887698535126,373.162504357549,371.743147005491,370.566978990786,369.586578370362,368.765389857152,368.074778798619,367.492044655555,366.998986952642,366.580880403639,366.225720778704,365.923653582051,365.666541043934,365.447626999037,365.261275943544,365.102765084591,364.968123474785,364.853996333938,364.757542102595,364.676344317203,364.608343673072,364.55177789979,364.50513688936,364.467121987553,364.436613938558,364.412645836311
36,517.053949078424,554.916445485425,507.001132706878,470.065487334719,443.465750379454,424.161220414285,410.149063441509,399.995488884625,398.324010427282,396.753255701472,395.275989314647,393.885452391417,392.575358212713,391.339871338486,390.17361047648,389.071613383334,388.029316165091,387.042527021007,386.107399238873,385.22040429213,384.378305683313,383.578133981288,382.817166572155,382.092892626894,381.403013120271,380.745408650858,380.118126123981,379.519363482311,376.89921623749,374.787844267936,373.067334991966,371.652778663197,370.481370813995,369.505594684287,368.688838825765,368.002437177787,367.423674226992,366.934345220141,366.519727671502,366.16782471478,365.868792025225,365.614503818682,365.398216789797,365.214308099823,365.058067969526,364.925537932497,364.813375133496,364.718748911263,364.639253986589,364.572840570489,364.517755504,364.472497430076,364.435774746329,364.406475619892,364.383639657083
37,516.631350903512,554.741508789304,506.999860996584,470.057408921863,443.440896085952,424.113474648418,410.077899926595,399.905709460076,398.231377204169,396.658072858389,395.17855488921,393.786053896175,392.474269513219,391.237350224867,390.069897496801,388.966931296853,387.923869832295,386.936503824882,386.00096978492,385.113723305273,384.271513021014,383.471355701455,382.710516088559,381.986471524281,381.296912414105,380.639709657467,380.012901351745,379.414677455562,376.797961727719,374.690800683798,372.974866697523,371.564997923147,370.398237341263,369.426974324806,368.614542749306,367.932245959478,367.357353973303,366.871658050059,366.460438621019,366.111706236972,365.81562678098,365.564086150133,365.350353652038,365.168819255029,365.014785838972,364.884307201808,364.774052185178,364.681201170215,364.603359214978,364.538486141416,364.484837707576,364.44092040404,364.405450863775,364.377323868661,364.355585382915
38,516.218527384066,554.566739914073,506.99861776638,470.049635491974,443.416934015916,424.067332260441,410.00896574338,399.818570717449,398.141439832483,396.565633114265,395.083903525277,393.689471799115,392.376024556603,391.137694783978,389.969067335412,388.865144827737,387.82132805489,386.833390675624,385.897452793178,385.009954450187,384.167629708401,383.367481799363,382.606759663585,381.882939192892,381.193690238184,380.536877555657,379.910530583143,379.312831428286,376.699464244049,374.596416959452,372.884953828508,371.479665520678,370.317444065887,369.350588596916,368.542378323684,367.864087065018,367.292970846714,366.810817224005,366.402909706324,366.057266219737,365.764062769187,365.515196913182,365.303950378434,365.124725762013,364.972838408597,364.844354177193,364.735953400483,364.644827297306,364.568591062735,364.50521393606,364.452960406549,364.410344995262,364.376091724381,364.349102155119,364.328428462208
39,515.81501004172,554.392251899496,506.997400782671,470.042147942684,443.393810632353,424.022701221791,409.942138015974,399.733931396401,398.054054719694,396.475790906603,394.991888025932,393.595557562274,392.280473727029,391.040754581763,389.870968918834,388.766102439333,387.721539017215,386.733035626993,385.796696319321,384.908945902653,384.06650414687,383.2663609963,382.505753125706,381.7821452377,381.093196744359,380.43676310443,379.810865238187,379.213677529646,376.603580020702,374.504554054498,372.797462323754,371.396652278263,370.238868000966,369.276318615548,368.472231979807,367.797851759918,367.230420787196,366.751723158319,366.34704556828,366.004413365801,365.714012606843,365.467752400606,365.258926745296,365.081950694571,364.932151870622,364.805607997973,364.699010702552,364.609561844437,364.534886563675,364.472963331536,364.422065190532,364.380714523562,364.347642582468,364.321757557764,364.30211769407
40,515.42036406085,554.21811200783,506.996208007832,470.034928812583,443.371476848225,423.97949691062,409.877303496479,399.651661114557,397.969089303517,396.388411836468,394.902372461179,393.504173999683,392.187478828595,390.946390631982,389.775462628187,388.669664130239,387.624362452767,386.635298285879,385.6985599671,384.810557373476,383.967996252693,383.167853501927,382.407353743992,381.683950682541,380.995293461474,380.339228393802,379.713768018346,379.11707911748,376.510176218647,374.415083491781,372.712268423947,371.315839200461,370.162394529943,369.20405568731,368.40399888908,367.733439705823,367.169607764646,366.694283962728,366.292758289967,365.953063531711,365.665395737686,365.42167545987,365.215208824895,365.040423176571,364.89265823402,364.768003398892,364.663161400135,364.575344550319,364.502187750143,364.441678525019,364.39209830027,364.351977159122,364.320053430434,364.295241790529,364.276606419569
41,515.034185100499,554.044392153082,506.995037577589,470.027962103779,443.34988755805,423.937641351378,409.814357595258,399.571639283728,397.886420957954,396.30337155707,394.815231049798,393.415194152635,392.0969084849,390.854474285561,389.682419275067,388.575700306771,387.529668503298,386.540048671303,385.602913748158,384.714658969876,383.87197632059,383.071829880577,382.311432425763,381.588223501808,380.899852172828,380.244145726888,379.619111793403,379.022909670129,376.419129847219,374.327886354128,372.629257545362,371.237116160823,370.087915681007,369.133698215104,368.337582095127,367.670758109928,367.110443003933,366.638414711198,366.239966622634,365.90313897168,365.61813774505,365.376894832276,365.172728349606,365.000077770037,364.854294735236,364.731480142458,364.628347640481,364.542119812854,364.470441143826,364.411308042273,364.363010152845,364.324085104271,364.293278156242,364.269510333563,364.251851623382
42,514.656096477782,553.871157267157,506.993887786359,470.021233127439,443.329001231592,423.89706254858,409.753203529707,399.493754158961,397.80593602777,396.220554799555,394.730347176993,393.328500300746,392.008650951136,390.764886232448,389.591719021484,388.484090728167,387.43733671527,386.447166210886,385.509637079198,384.62113019395,383.778324024037,382.978170053969,382.217869409675,381.494850925823,380.806753928648,380.151396636252,379.526778622207,378.931051812073,376.330326812382,374.242852332455,372.54832342218,371.160381044036,370.015338144251,369.065152027452,368.272891744678,367.609720999932,367.052844269115,366.584036749406,366.188595332829,365.854567710128,365.572169748709,365.333344572968,365.131422154023,364.960853222098,364.81700332136,364.69598252108,364.594515929511,364.509836226474,364.439597309452,364.381804306782,364.334754925465,364.296994191231,364.267274154421,364.244522056737,364.227813569257
43,514.285736794218,553.698465840871,506.992757064893,470.014728368771,443.308779542863,423.857693914695,409.693751574503,399.417901998759,397.727528978411,396.13985451392,394.647612528016,393.243983089496,391.922592638311,390.677515621055,389.503250517368,388.394723703447,387.347255161365,386.356538855277,385.418617896961,384.5298590588,383.686927533138,382.886762421197,382.126553388173,381.403718726454,380.715888174672,380.060871016044,379.436658888473,378.841396453195,376.24366108424,374.159878923747,372.469367320467,371.085538807635,369.944568212857,368.998330179875,368.209844416222,367.550248572538,366.996735240454,366.531077096171,366.138574627324,365.807282989035,365.52742787368,365.290963540233,365.091231683807,364.922694855434,364.780730195244,364.661458919036,364.561616709798,364.478446175267,364.409610462255,364.35312326084,364.307290189516,364.270663528418,364.242001984021,364.220238888714,364.204455479536
44,513.922796793799,553.526357258718,506.991643969979,470.008435368767,443.289187075239,423.81947369437,409.635918428182,399.343986322916,397.651101644137,396.061171109114,394.566926321476,393.161540758336,391.838630995587,390.59225927893,389.416910119026,388.3074952517,387.259319627861,386.268062296005,385.329751874928,384.440741306269,383.597682733731,382.797503079711,382.03738073076,381.314723599259,380.627151980823,379.972466353721,379.348650535816,378.75384202794,376.159033951648,374.078870712364,372.392297293814,371.012501608671,369.875522094121,368.933151290913,368.148362522497,367.492266620157,366.94204496364,366.479467914326,366.089839644764,365.761222779606,365.483852780947,365.249694944426,365.052102561941,364.885549859063,364.745425413957,364.627861425831,364.529603988022,364.447905473882,364.380438121649,364.325224031323,364.280576587835,364.245055188607,364.217425067069,364.196625525177,364.18174325271
45,513.566959411046,553.354904493523,506.990547170917,470.002342620128,443.270191028025,423.78234460779,409.579626497731,399.271917254146,397.576562560976,395.984411778659,394.488194629156,393.081078455617,391.75667042541,390.509021021107,389.332601195453,388.222308421848,387.173432963939,386.181639263288,385.242941722709,384.353679712423,383.510492534221,382.710295133795,381.950254794388,381.227769204639,380.54044601656,379.886087048088,379.26265838885,378.668293819167,376.076353365636,373.999738731361,372.317027806986,370.941186887191,369.808120396443,368.869540546696,368.088373534947,367.435705700196,366.888707361463,366.429146041751,366.042330005233,365.716329349525,365.441389251714,365.209485948423,365.013984204577,364.849369778426,364.711042533245,364.595145493898,364.498435005302,364.418173049796,364.352040804809,364.298068634042,364.254577549158,364.220133933022,364.193509421818,364.173649170648,364.159645213386
46,513.217936230997,553.184137181912,506.989465438498,469.996439475566,443.251760974837,423.746253369914,409.524803596947,399.201610932521,397.503826373287,395.909489900779,394.411329770703,393.002507628998,391.676621670503,390.427711034594,389.250233510908,388.139072674036,387.089504431337,386.097178915932,385.158096589881,384.268583469365,383.425266248475,382.62504807892,381.865085309593,381.14276555604,380.455687237835,379.801643802096,379.178593548584,378.584663356464,375.995533353678,373.922399889125,372.243478774831,370.871517826969,369.74228948758,368.807426962869,368.029808531004,367.380502119162,366.836660583655,366.380052319635,365.995989117917,365.672548878387,365.39998581795,365.170287312571,364.976829479799,364.814109472834,364.677538291852,364.563269634747,364.468069944504,364.389210661252,364.324381754696,364.27162171126,364.229259034815,364.195866966778,364.170223426519,364.151279310402,364.138131891923
47,512.875456452592,553.01409301666,506.988387184795,469.990716066632,443.233868645339,423.711150352442,409.471382310125,399.132988993223,397.43281330451,395.836324503199,394.336249773618,392.925745481532,391.598401266874,390.348241960726,389.169722673929,388.057703327549,387.007449159723,386.01459628284,385.075131476685,384.185367625728,383.341919027492,382.541677252258,381.781787832604,381.059628473769,380.372788492563,379.719053080913,379.09637285286,378.502867879161,375.916493496968,373.846776492737,372.171575390027,370.803422600991,369.677960528494,368.746744648921,367.972608211971,367.326595095718,366.785847592709,366.332132370455,365.950765144208,365.629830962554,365.359594270452,365.132052905812,364.940594197549,364.77972658135,364.644872049472,364.532195148358,364.43847166976,364.360982646317,364.297426698211,364.245850298541,364.204589313688,364.172223721264,364.14753760879,364.129487506178,364.117175826063
48,512.539265466094,552.844805527059,506.987331807413,469.985163231778,443.216487731219,423.676989263047,409.419299626825,399.065978099565,397.363448683778,395.764839784501,394.26287789023,392.850714485121,391.521931054503,390.270541815226,389.090989644353,387.978121066839,386.927187652228,385.933811769316,384.993966764893,384.103952625928,383.260371441441,382.46010331655,381.700283254993,380.978279096351,380.291671204232,379.638233370969,379.015918393545,378.422829855707,375.839158462277,373.772795743032,372.101247592168,370.736833949688,369.61506906755,368.687431923679,367.916711543159,367.273928269273,366.736214145684,366.285334285162,365.906608395635,365.588128992081,365.320170080207,365.094740166558,364.905237725258,364.746182302307,364.61300674394,364.501885656323,364.409605237711,364.333455410217,364.271143630019,364.220723616058,364.180538760626,364.149175650637,364.125424448212,364.108247204708,364.096751375199
49,512.209123572304,552.676304439648,506.986288316629,469.979772452381,443.19959371331,423.643726858346,409.368496577065,399.000509524458,397.295662521656,395.694964685019,394.19114216466,392.777341944233,391.447137738538,390.194533522676,389.013960291245,387.900251498039,386.848645341416,385.854750714841,384.914527770389,384.024263813939,383.180548917137,382.380251923324,381.62049733302,380.898643442103,380.212261658312,379.559117712404,378.937157083437,378.344476552625,375.763457584102,373.700389368962,372.032429675287,370.671688802809,369.553554676703,368.629430965749,367.862063246282,367.222448822556,366.687709787989,366.239609868683,365.863472839831,365.547398694529,365.281670933449,365.058308641979,364.87072130397,364.713439470088,364.581906705176,364.472307858272,364.381438794402,364.30659846916,364.245502616733,364.196212879523,364.157079673836,364.126696100047,364.10385825328,364.087533623071,364.076834613755
50,511.884804826883,552.508616001768,506.985255802279,469.974535795687,443.183163706657,423.611322686845,409.318917893327,398.936518774426,397.229389128891,395.626632501221,394.120975043586,392.705559603852,391.37395249492,390.120147808562,388.938564995131,387.824024752804,386.771752192709,385.777342992116,384.836744341877,383.946231073799,383.102381427286,382.302053148785,381.542360423931,380.82065197868,380.134490554626,379.481633942072,378.860020266888,378.267739646962,375.689324484518,373.629493249561,371.965059935201,370.60792793958,369.493360624626,368.572687498831,367.808611438662,367.172107188316,366.640287191403,366.194913941528,365.821315342122,365.507598854038,365.244057427551,365.022720641108,364.837008879757,364.681463575795,364.55153888125,364.443429753279,364.353941706429,364.280382377434,364.220475636768,364.172291147169,364.134186128582,364.104760076,364.082814931704,364.067323518583,364.057403100446
51,511.566095995282,552.341763279766,506.984233416822,469.969445863911,443.167176322272,423.579738858164,409.270511710633,398.873945251045,397.164566773127,395.559780538487,394.052313025754,392.635303296217,391.302310615087,390.047319535652,388.864738291339,387.74937512614,386.696442341829,385.701522649195,384.760550502479,383.869788460231,383.025803108706,382.225441256999,381.465806917943,380.744239423219,380.058292887763,379.405717135644,378.784443368962,378.19255487705,375.616696735792,373.560047084844,371.899080351714,370.545495682488,369.43443358171,368.517150510338,367.756307370462,367.122856807944,366.593901893654,366.151204043584,365.780095350295,365.468690737706,365.207292554262,364.987940787492,364.804066617711,364.650222239116,364.52187232195,364.415221692134,364.327085198014,364.254779469032,364.196036401175,364.148933144312,364.111833805255,364.083344167456,364.062271920681,364.047595128152,364.038435826437
52,511.252795605887,552.175766429615,506.9832203699,469.964495748553,443.151611542675,423.548939835356,409.223225115358,398.812731945465,397.101137369092,395.494349797654,393.985096345526,392.566512622108,391.232151185194,389.97598738247,388.792418544581,387.67624075486,386.622653772792,385.627227584633,384.685884125395,383.794873874701,382.950751939001,382.150354344486,381.390775068765,380.669344171846,379.98360725141,379.331306342489,378.710362303315,378.118861643605,375.545515552704,373.491994098604,371.834436301826,370.48433962165,369.376723357031,368.462771996994,367.705105169565,367.074653868914,366.548512064225,366.10844024028,365.739774736488,365.430637934141,365.171341529006,364.953935835358,364.771862752529,364.61968507062,364.492877759142,364.387655602516,364.300842672988,364.229764248414,364.172160233232,364.12611514955,364.089999881857,364.062426399436,364.042208043249,364.028328026948,364.019913076309
53,510.944706535494,552.010642957366,506.982215923475,469.9596789895,443.136450610014,423.518892247651,409.177020543132,398.752825162245,397.039046198477,395.43028469158,393.919268686778,392.499130662351,391.163416796277,389.906093550745,388.721547658058,387.604563323827,386.550328023828,385.554399253984,384.612686640491,383.721428772284,382.877169443931,382.076734048315,381.317206661063,380.595908189288,379.91037581942,379.258343892133,378.637726252266,378.046603081098,375.475725514932,373.425280769733,371.771076300397,370.424410364314,369.320182654614,368.409506730263,367.654961623345,367.027457107962,366.50407831319,366.066584933256,365.700317609263,365.393406173207,365.136171362238,364.920674253157,364.740367052346,364.589823130524,364.464527646913,364.360705103223,364.275188703933,364.205312281164,364.148823631307,364.103814865357,364.068662908355,364.041986119902,364.022603399063,364.009503023043,364.001816325995
54,510.641661291524,551.846407944177,506.981219387471,469.954989538143,443.121669208184,423.48956472126,409.131850717344,398.694174269111,396.978241656094,395.367532788324,393.854776923499,392.433103716617,391.096053280833,389.83758350203,388.652070807967,387.534287800316,386.479409921394,385.482982403619,384.540902768255,383.649397895968,382.805000432178,382.004525281421,381.245046746538,380.523876696893,379.838544010365,379.186775425044,378.566477854545,377.975725225178,375.407274315375,373.359856588312,371.708951764606,370.365661308373,369.264766857487,368.357312050468,367.605835980191,366.981227618246,366.460563506184,366.025602683005,365.661690143477,365.35696305138,365.101751874778,364.88812722667,364.709552053523,364.560610141165,364.436796759355,364.334346027297,364.250100199134,364.181401491211,364.126005478822,364.082011098258,364.047802475603,364.022003657134,364.003439009948,363.991101790775,363.984127864056
55,510.343482434652,551.683074252838,506.980230115848,469.950421724222,443.107264054732,423.460927726219,409.087674927386,398.636731469853,396.918675019476,395.30604457794,393.791570884418,392.368381065967,391.030009474389,389.770405717578,388.583932883094,387.465362192678,386.409847338538,385.412924829051,384.470480278221,383.578729035299,382.734192754351,381.933675992235,381.174243404254,380.453197933652,379.768060249416,379.116549576089,378.496565975696,377.906177190828,375.340112417416,373.295673834399,371.648016800586,370.308048437006,369.210433830087,368.306147676754,367.557688309929,366.935928674376,366.417932596689,365.98546004794,365.6238603818,365.321278400486,365.068053483242,364.856266457277,364.679390674153,364.532020238922,364.409660390572,364.308554738289,364.22555445114,364.158010042436,364.103684756739,364.060684578964,364.027400105577,364.002461280187,363.984697850738,363.973107972251,363.966831963908
56,510.050007684115,551.520652727515,506.979247503044,469.945970225839,443.093213066127,423.432953437463,409.044454747402,398.580451597841,396.860300239334,395.245773260429,393.729603138736,392.304914757044,390.965236998153,389.704511480057,388.517091493641,387.397737330835,386.341590975069,385.344177155003,384.401369769082,383.509372806733,382.664697083812,381.864136945929,381.104747522432,380.383822938791,379.698875751787,379.047617758783,378.42794224755,377.837910846077,375.274193336092,373.232687376619,371.588228009026,370.251530131514,369.157143738262,368.255975534242,367.510485159819,366.891525573312,366.376152456224,365.946125421338,365.586798294607,365.286323216164,365.035048773044,364.825065795665,364.649857937049,364.504029509599,364.38309562276,364.283309262076,364.201530398447,364.135117731724,364.081842069314,364.039816128082,364.007437524284,363.983341363139,363.966362904151,363.955505121946,363.949912717363
57,509.761082922253,551.359152370692,506.978270980784,469.941630042349,443.079501610407,423.405615608635,409.002153870674,398.52529192787,396.803073748665,395.186674552491,393.668828801026,392.24265940536,390.901690061078,389.639854674645,388.451497006242,387.331366666148,386.274594157195,385.276692634929,384.3335244683,383.441282453482,382.596466716765,381.795861525013,381.03651259964,380.315705353566,379.630944325213,378.97993396865,378.360560872439,377.770877416373,375.209472657484,373.170854344167,371.52954430807,370.196067000759,369.10485888535,368.206759596586,367.464190680993,366.847985489468,366.335191813246,365.907568972002,365.550475301907,365.252070355124,365.002711819728,364.79450046489,364.620930153116,364.476615301286,364.357080780508,364.258588842016,364.178008148581,364.112705479203,364.060459100778,364.019388582984,363.987897810604,363.964627620962,363.94841848397,363.938278117643,363.933355533732
58,509.476561649656,551.198580505922,506.977300015197,469.937396469771,443.066115894173,423.378889473028,408.960737958564,398.471212040508,396.74695428854,395.128706511202,393.609205353127,392.181572015717,390.839325279163,389.576391607435,388.387105487577,387.266206088759,386.208812654568,385.210426967993,384.266900049137,383.3744136627,382.529457389809,381.728805547275,380.969494563241,380.248801240289,379.564222189659,378.913454603609,378.294378444404,377.705040063866,375.145908438447,373.110134580471,371.471926571135,370.141621725455,369.053543562464,368.158465742263,367.418772298623,366.805277338985,366.295020990209,365.869762399542,365.514864446026,365.218494087375,364.971018065069,364.764547013786,364.592584915362,364.449756190593,364.331595366396,364.234373851704,364.154968894155,364.090755247523,364.039518537719,363.999385091576,363.968764972019,363.946304663453,363.930849766927,363.921412669958,363.917146626682
59,509.196304485357,551.038942927089,506.976334104161,469.933265076535,443.053042904754,423.352751574212,408.920174502685,398.418173514374,396.6919027489,395.071829372765,393.550692481271,392.121611818054,390.778101510177,389.514080839391,388.323875269048,387.202213760519,386.144204513001,385.145338131676,384.201454463311,383.308724398319,382.463627113016,381.662927099252,380.903651603327,380.183068916814,379.498667812416,378.848138299763,378.229353785692,377.640354657584,375.08346089111,373.050489481016,371.415338342809,370.088158682123,369.003163911752,368.111061623254,367.374199134281,366.763371674567,366.255611900022,365.832678916318,365.479940179555,365.185570042022,364.939944251459,364.735183236141,364.564801009007,364.423431896741,364.306619978208,364.210645715373,364.132394836406,364.069249968272,364.019003998238,363.97978991732,363.950023878874,363.928357931815,363.913642731436,363.904895263159,363.901272957024
60,508.920178707651,550.880244035206,506.975372774957,469.929231691472,443.040270353847,423.327179769401,408.880432698778,398.366140020503,396.637882060949,395.016005404984,393.493251926983,392.062740117079,390.717979702389,389.452883034242,388.261766794139,387.139349961983,386.080729901209,385.081386228443,384.137147787697,383.244174747939,382.39893601711,381.598186383705,380.838944020592,380.118468804915,379.434241757033,378.78394578094,378.165447796963,377.576782289805,375.022092237915,372.991882587485,371.359744297641,370.035644822725,368.953687562681,368.064516544295,367.330441896927,366.722240548576,366.216937899384,365.796293119031,365.445678278883,365.153275114265,364.909468332561,364.706388085024,364.537558329323,364.397623202095,364.282136233177,364.18738683516,364.110269115222,364.048173474688,363.99889996718,363.960588157522,363.931660204253,363.910773640694,363.896784101716,363.88871310116,363.885722180567
61,508.648057831595,550.722486963829,506.97441558206,469.92529237219,443.027786626168,423.302153074687,408.841483331235,398.315077023362,396.584856903043,394.961198771857,393.436847350357,392.004920154418,390.65892275577,389.392760819063,388.200742478424,387.077576952032,386.018350970272,385.018533345129,384.07394208377,383.180726782341,382.335346213149,381.534545579702,380.775334086818,380.054963291224,379.370906544748,378.720839720696,378.102623319904,377.514285984497,374.961766578572,372.934279256098,371.305111142075,369.984047905991,368.905084551087,368.018801354939,367.287472766445,366.681857431841,366.178973695601,365.760580895686,365.412055755059,365.121587380012,364.879569391494,364.678141594346,364.510837806374,364.372311880423,364.258126698699,364.164580524551,364.088575745248,364.027510440196,363.979191736966,363.941765686312,363.913660369104,363.893538725206,363.880261297725,363.87285405925,363.870482601433
62,508.379821219759,550.565673693963,506.973462105199,469.921443397469,443.015580732412,423.277651602085,408.803298667154,398.264951704244,396.532793831574,394.907375447041,393.381444204484,391.948116981997,390.600895394513,389.333678656112,388.14076658097,387.016858838977,385.95703172447,384.956743423702,384.01180126837,383.118344426432,382.272821663767,381.471968714027,380.712785916655,379.992516599382,379.308626527164,378.65878461549,378.040845010969,377.452830571656,374.902449767961,372.877646539396,371.251407215898,369.933337596158,368.857325620291,367.973888344377,367.245265304861,366.642197114681,366.141695257487,365.725519340254,365.379050772036,365.090486017561,364.850227565752,364.650424806903,364.484621336067,364.347480630613,364.234574828822,364.142210947375,364.067299557185,364.00724632201,363.959865353356,363.923309102823,363.896011492256,363.876640792776,363.86406238312,363.857306633617,363.855543123114
63,508.115353723058,550.409805159348,506.972511947529,469.917681249449,443.00364226626,423.253656486065,408.765852358999,398.215732850207,396.481660989389,394.854502940882,393.327009663773,391.892297345562,390.543864049807,389.275602724978,388.081805086036,386.957161461919,385.896737902524,384.895982142414,383.950690994874,383.056993340521,382.211328064563,381.410421542959,380.65126534967,379.931094672543,379.247367769102,378.597746668032,377.980079225258,377.392382571694,374.84410930363,372.82195307749,371.198602387459,369.883485067579,368.810382927028,367.92975115144,367.203794364638,366.603235621368,366.105079733477,365.691086674219,365.346642571535,365.059951235634,364.821423978303,364.623219708315,364.458891716771,364.323113015877,364.211464905915,364.1202630618,364.046426144043,363.98736730951,363.940907565769,363.905205681406,363.878701342457,363.860068077031,363.848176032103,363.842059909897,363.840893184536
64,507.854545348986,550.254881342927,506.971564733993,469.914002599451,442.991961364912,423.230149816041,408.72911935514,398.167390751721,396.431428049335,394.802550446352,393.273512333194,391.837429577384,390.487796751829,389.218500814037,388.023825594074,386.898449034557,385.837436868137,384.83621680627,383.890578543741,382.996640810932,382.150832734927,381.349871443229,380.59073984168,379.870665064993,379.187097940684,378.537693679814,377.920293909494,377.332910088995,374.786714222329,372.767168997922,371.146667957069,369.834462725892,368.76423034095,367.886364677949,367.163036006496,366.564950131414,366.069105376215,365.657262174381,365.314811403909,365.029964207134,364.793140674086,364.596509166208,364.43363259105,364.299193407864,364.188781987025,364.098722568858,364.02594181166,363.967860276126,363.92230578106,363.887443331117,363.861718299472,363.843809384519,363.832591465731,363.827103500201,363.826522868361
65,507.597290954674,550.100901365283,506.970609803232,469.910404295124,442.980528672897,423.207114574328,408.69307581734,398.119897108372,396.382066118415,394.751488564601,393.22092244208,391.783483535537,390.432663030157,389.162342220327,387.96679722126,386.840696990194,385.77909750907,384.777416246063,383.83143272147,382.937255649104,382.091304517302,381.290287311564,380.531178364497,379.81119684225,379.127786217785,378.478594951925,377.861458503303,377.274382713618,374.730235004472,372.713265823211,371.095576440904,369.786244233553,368.71884254977,367.84370500972,367.122967423669,366.527316948238,366.033751473088,365.624026106311,365.283538464443,365.000507008148,364.765360561622,364.570276874243,364.408828391948,364.275706656613,364.166511648901,364.077575637153,364.005833282649,363.948712463143,363.904048022327,363.870010545154,363.845051304864,363.827854124736,363.817298490549,363.812427584551,363.812422603728
66,507.343489962667,549.947863565596,506.969667113397,469.906883348559,442.969335308733,423.184534578949,408.657699044715,398.073224941815,396.333547649403,394.70128926258,393.169211547476,391.730430351734,390.378433861415,389.107097657097,387.910690506645,386.783872533063,385.721690143892,384.719550725024,383.773223767361,382.878808098395,382.032713684097,381.231639471816,380.472551313368,379.7526604888,379.069403190078,378.420421193517,377.803543848063,377.216771430558,374.674643485744,372.660216385237,371.045302043591,369.738805068917,368.674196285394,367.80174915574,367.083566664044,366.490319035098,365.99899806112,365.591359041489,365.252805629677,364.971562371971,364.73806718731,364.54450714759,364.38446417733,364.252639305128,364.14464082405,364.056809836023,363.986088728431,363.929912802879,363.886122886274,363.852896396092,363.828689859008,363.812192153455,363.802287339299,363.798022750285,363.798583345857
67,507.093046097317,549.795765575941,506.968726353893,469.903436925387,442.958372834322,423.162394430934,408.622967403616,398.027348515295,396.285846359047,394.651925790187,393.118352505234,391.678242601861,390.325081417179,389.052739168278,387.855477326298,386.727947413848,385.665186435758,384.66259185256,383.715923267206,382.821269747867,381.975031851688,381.173899589053,380.414830421263,379.695027822657,379.011920775953,378.363144437057,377.746522102596,377.160048535953,374.619912775972,372.607994747356,370.995819664851,369.69212107433,368.630268349794,367.760473727259,367.044813490978,366.453935218671,365.964826859555,365.559244399425,365.222596332101,364.943114502092,364.711245450268,364.519185568056,364.360526083767,364.229977322024,364.123156332031,364.036412626358,363.966696115494,363.911449160127,363.868519521002,363.83609044592,363.812623931685,363.796813839112,363.787548740855,363.783880065286,363.784996481672
68,506.845867140098,549.644604389192,506.96778722294,469.900062334782,442.947633226672,423.140679465651,408.588860262529,397.98224325919,396.238937152445,394.603372603597,393.068319392491,391.62689404735,390.272579250225,388.999240079877,387.80113081387,386.672894645148,385.609559312593,384.606512504369,383.65950407342,382.764613452497,381.918231900647,381.117040590095,380.357988679627,379.638271916361,378.955312143778,378.306737959903,377.690366664997,377.104187559154,374.566017183141,372.556576113949,370.947105511495,369.646169469364,368.587036977755,367.719861804087,367.006687757367,366.41814626315,365.93121951805,365.527664276958,365.192893890161,364.915147488303,364.684880266969,364.4942977193,364.337000473051,364.207707996722,364.10204594423,364.016371986323,363.947643898371,363.893311008931,363.85122756909,363.819582759006,363.796843976965,363.781710001839,363.773073859396,363.769991017196,363.771653803161
69,506.60186470221,549.494373618417,506.966849434102,469.896757020197,442.937108851822,423.119375707808,408.555357932119,397.937885702035,396.192796052945,394.555605294266,393.019087435886,391.576359610849,390.220902034004,388.946574797696,387.747625315165,386.618688427599,385.554782893101,384.551286748396,383.603940231018,382.708813259174,381.862287901948,381.061036589779,380.302000264872,379.582367023724,378.899551638891,378.251176211583,377.635052100306,377.049163190835,374.51293214339,372.505936835907,370.899136838484,369.600928479084,368.544481366747,367.679891469124,366.969170550891,366.382934155675,365.898158884968,365.496602335102,365.163682763673,364.887646580961,364.658957488374,364.469830173023,364.313874520766,364.185818902587,364.081297762533,363.996676848059,363.928921505245,363.875488052688,363.834237156521,363.803363857916,363.781340889717,363.766871886169,363.758854268023,363.756347488195,363.758547483428
70,506.360954012977,549.3450747064,506.96591271536,469.89351855088,442.926792440781,423.09846982981,408.522441609456,397.894253406558,396.147400137117,394.508600522991,392.970632944893,391.526615309007,390.170025544988,388.894718944189,387.694936200456,386.565304105773,385.500832418069,384.496889776098,383.549206908857,382.653844338079,381.807175048361,381.005862822543,380.246840470136,379.527288511776,378.844614715852,378.196434746328,377.580554073325,376.994951216066,374.460634156135,372.456054223919,370.851891888406,369.556377276038,368.502581621287,367.640543744809,366.932243787251,366.348281671367,365.865628558088,365.466042980818,365.134948109939,364.860597579949,364.633463642737,364.445770075034,364.291135854835,364.164298399233,364.060900678698,363.977316491731,363.910518675454,363.857970461522,363.817538857524,363.787424696126,363.766105979414,363.752291135953,363.74488192479,363.742941731613,363.745670053452
71,506.12305372274,549.196700339017,506.964976808173,469.890344613967,442.91667706723,423.077949113179,408.490093326409,397.851324910262,396.102727474385,394.462335958746,392.922933249997,391.477638190015,390.119926599785,388.843649149813,387.643039990737,386.512718001247,385.447684206034,384.443297838597,383.495280335831,382.599682918834,381.752869590806,380.951495578893,380.192485641879,379.473012797625,378.790477875467,378.142490160394,377.526849286183,376.94152845224,374.40910072255,372.406906585536,370.805349835371,369.512495926263,368.461318701258,367.601800471282,366.895890161272,366.314172334536,365.83361286334,365.435971284124,365.106675685181,364.833986956731,364.608385832647,364.422105066851,364.268772525579,364.14313505206,364.040843793322,363.958280487583,363.892425408427,363.840748636135,363.80112341208,363.771756632849,363.751130945861,363.737959770741,363.731149149615,363.729766349752,363.733014381193
72,505.888085719199,549.049245525852,506.964041466639,469.887233007257,442.906756126872,423.0578014128,408.458295901599,397.809079670208,396.058757070906,394.416790221759,392.875966645114,391.429406275586,390.070582996639,388.793343033112,387.591914163991,386.460907517603,385.395315511858,384.390488200982,383.442137751014,382.546306231231,381.699348779054,380.897912146268,380.138913120988,379.419517289658,378.737118606272,378.089320033697,377.473915420299,376.888872691264,374.358310294419,372.358473142398,370.759490732728,369.46926533922,368.420674373951,367.56364425949,366.860093109207,366.28059037426,365.802096783246,365.406372937529,365.078851890387,364.807801568718,364.583711519687,364.398823274368,364.246773981745,364.122318703332,364.021117312949,363.939559481561,363.874632783291,363.823814047525,363.784982762793,363.756351142425,363.736407856459,363.723870164059,363.71764860357,363.716814273954,363.720573652197
73,505.655974955848,548.902704901046,506.963106456725,469.884181632445,442.897023318351,423.038015123652,408.427032895839,397.76749801165,396.015468817307,394.371942830586,392.829712334063,391.381898506877,390.02197346102,388.743779146012,387.541537136273,386.409850968679,385.343704602036,384.338439029261,383.389757308295,382.493692451796,381.646590806637,380.845090754009,380.086101187812,379.366780332835,378.684515329984,378.036902875584,377.421731082333,376.836962645786,374.308242213148,372.310733979744,370.714295464493,369.426667221122,368.3806311689,367.52605845229,366.824836761301,366.247520679909,365.771065928596,365.37723425827,365.051463597434,364.782029471842,364.559429318659,364.375913771215,364.225128949523,364.101838682227,364.001711149973,363.921143819623,363.857131549073,363.807157867305,363.769108381775,363.74120089834,363.721928850558,363.710015023179,363.704373269324,363.70407874571,363.708341351342
74,505.426649291832,548.757072763484,506.962171555521,469.88118848817,442.887472625441,423.018579149961,408.396288570579,397.726561080196,395.972843440088,394.327774152782,392.784150380683,391.335094694181,389.974077594907,388.694936922772,387.491888210482,386.35952755845,385.292827460911,384.287129430678,383.338118088201,382.441820644855,381.594574754167,380.793010506666,380.034029011072,379.314781157731,378.632647350706,377.985218074165,377.370275753777,376.785777899038,374.258876667946,372.263669999373,370.669745700076,369.384684031316,368.341172338165,367.489027079843,366.790105904842,366.21494876651,365.740506520778,365.34854207977,365.024498575216,364.756658443988,364.53552758684,364.353365512251,364.20382723304,364.081685231066,363.982615926022,363.903024554712,363.839913156198,363.790771878228,363.753492392141,363.726298033014,363.707687257802,363.696387090712,363.691316432908,363.691553299018,363.696311245813
75,505.200039342155,548.612343113729,506.961236550626,469.878251667389,442.878098300624,422.999482876458,408.36604784924,397.68625079716,395.930862456216,394.284265358883,392.739261662285,391.28897546993,389.926875829475,388.646796632452,387.442947528578,386.309917333061,385.24267033148,384.236539340501,383.287200005248,382.390670725829,381.543280563914,380.741651401941,379.982676578314,379.263499832899,378.581494807535,377.934245849174,377.319529743998,376.735298858146,374.210194648175,372.217262875714,370.625823851949,369.343298942473,368.302281814962,367.452534824458,366.755885951258,366.182860749512,365.710405319867,365.320283962248,364.997944667179,364.731677112702,364.51199552653,364.331168201209,364.18285898212,364.061848934556,363.963822677951,363.885193109725,363.822969387086,363.774648210943,363.738127251011,363.711635309738,363.69367580957,363.68298028516,363.67847138521,363.679231744047,363.684477369307
76,504.976078337447,548.468509687761,506.960301239458,469.875369346893,442.868894849701,422.980716141628,408.336296281156,397.646549817962,395.889508130784,394.241398379512,392.695027826264,391.243522244901,389.880349380946,388.599339334474,387.394696026971,386.261001136104,385.193210876429,384.186649494578,383.23698377486,382.340223408867,381.492688958425,380.690994180008,379.93202474431,379.212917194178,378.531038590753,377.883967207822,377.269474146347,376.685506710303,374.162177900922,372.171495014839,370.582513036446,369.302495801682,368.263944178698,367.416566986641,366.722162901099,366.151243292931,365.680749718786,365.292447740799,364.971790419505,364.707074587508,364.488822745916,364.309311927898,364.162214743659,364.042320792772,363.945322796917,363.867641253149,363.806292366912,363.758779324942,363.723005731249,363.697205795174,363.679887848101,363.669787882309,363.665832572987,363.66710787091,363.672834007249
77,504.754701992682,548.325565987953,506.959365428716,469.872539786019,442.85985701755,422.96226921274,408.307020007904,397.607441493232,395.84876343751,394.199155865225,392.651431249481,391.198717167235,389.834480209299,388.552546837123,387.34711539484,386.212760566799,385.144430631011,384.137441387384,383.187450871447,382.290460166752,381.442781425393,380.641020358203,379.88205503982,379.163014915573,378.481260467514,377.834363861416,377.220090741299,376.636383308995,374.114808891335,372.126349516194,370.53979703652,369.262259095618,368.226144621085,367.381109451723,366.688923315491,366.12008364229,365.651527494939,365.265021858676,364.94602483267,364.682840389069,364.465999266917,364.287787183359,364.141885463311,364.023092156815,363.927108024052,363.850361091728,363.78987454508,363.743157990736,363.708120904285,363.683002842876,363.666316991519,363.656803748521,363.653393767828,363.655176600136,363.661375405178
78,504.535848383993,548.183505311377,506.958428933871,469.869761321005,442.850979774809,422.944132762626,408.278205731851,397.568909832442,395.808612021689,394.157521149035,392.608455000355,391.154543084127,389.789250979716,388.506401658724,387.300188035173,386.165177940886,385.096311848834,384.088897232797,383.138583489105,382.241363191727,381.393540171079,380.591712171063,379.832749740366,379.113775289352,378.432142780021,377.785418368086,377.171362196459,376.587911447696,374.068070765514,372.081810136629,370.497660267427,369.222573917391,368.188868914368,367.346148660587,366.656154282614,366.089369485869,365.622726975588,365.237995206251,364.920637334933,364.658964457123,364.443515509411,364.266584848388,364.121862441691,364.004154727211,363.909170434869,363.833345052447,363.773708677888,363.727777273197,363.693466124151,363.669020077911,363.652957119032,363.644022001429,363.641149311213,363.643432155847,363.650096908506
79,504.319457833214,548.042320775786,506.9574915786,469.867032360631,442.8422583055,422.926297847766,408.249840686759,397.530939469899,395.769038165651,394.11647821131,392.566082803315,391.110983505993,389.744645026415,388.460886991283,387.253897028189,386.118236253986,385.04883746517,384.040999927373,383.090364505011,382.192915358769,381.344948083691,380.543052533748,379.784091800398,379.065181320209,378.383668588119,377.737113802393,377.123271646818,376.540074322176,374.021947208207,372.037861256909,370.456087744389,369.183425935433,368.152103381334,367.311671580167,366.62384340098,366.05908902603,365.594336935137,365.211357107052,364.895617770851,364.635437127758,364.42136227776,364.245696159848,364.102137325692,363.98550053557,363.891502421701,363.816585865662,363.757787812366,363.712630516023,363.679035012528,363.655251382467,363.639802357082,363.631436996616,363.629093773749,363.631869310641,363.638993155089
80,504.105472799266,547.902005343342,506.956553194398,469.864351382245,442.833687995436,422.908755888529,408.221912610261,397.493515632875,395.730026756293,394.076011646853,392.524299005551,391.06802257285,389.700646318814,388.415986666479,387.208226097196,386.07191914731,385.001991062568,383.993733015944,383.042777444909,382.145100191198,381.29698869899,380.495025007805,379.736064819076,379.017216655568,378.335821598634,377.689433936891,377.07580293771,376.492855858412,373.976422871013,371.994487698698,370.415064810847,369.144801131738,368.115834867657,367.277665676381,366.591978737139,366.029230914481,365.566346581676,365.185097298663,364.870956379707,364.612249116015,364.399530732143,364.225112698222,364.082702090545,363.967121927447,363.874096677235,363.800076549311,363.742105271152,363.69771132723,363.664821444775,363.641690882445,363.626847066449,363.619043315141,363.617221943242,363.620483046452,363.628059309313
81,503.89383777624,547.762551842354,506.955613620087,469.861716927952,442.825264421416,422.891490585007,408.194409747611,397.456624111749,395.691563254718,394.036106634126,392.483088545806,391.025645022857,389.657239429812,388.371685123676,387.163159576486,386.026210875471,384.955756838643,383.947080659297,382.995806450856,382.097901828426,381.249646168149,380.447613768979,379.688653008238,378.969865553632,378.288586125319,377.642363149072,377.028940517731,376.446240582697,373.931482597239,371.951675345761,370.374578147239,369.106686775277,368.080050504548,367.244118891782,366.560548814327,365.999784235151,365.53874553549,365.159205911827,364.846643776231,364.58939149334,364.378012374255,364.204826370093,364.063549023041,363.949011546256,363.856946179121,363.783810394167,363.726654638265,363.683013565506,363.650819536854,363.628332934869,363.614085830092,363.606835751852,363.605528813384,363.609268543697,363.617290727036
82,503.684499197453,547.623952987163,506.954672701453,469.859127601159,442.816983341112,422.874509965029,408.167320703763,397.420251231982,395.653633667737,393.996748906308,392.442436925121,390.98383616273,389.614409505963,388.327967380012,387.118682381248,385.981096276286,384.910119575748,383.901027603929,382.949436250901,382.05130499569,381.202905227465,380.400803577068,379.6418411623,378.923112853349,378.241945078763,377.595884402963,376.982667415614,376.400211598515,373.887111932104,371.909410061544,370.334614062426,369.069069771548,368.044738738962,367.211019617426,366.529542586281,365.970738482643,365.511523808546,365.133673450622,364.822670931331,364.566855670758,364.356799030143,364.184829391757,364.044670705824,363.931162318195,363.840044175536,363.767780949972,363.711429745874,363.668531327464,363.637023633066,363.615172116056,363.601513441808,363.594809304488,363.594009573256,363.598221171089,363.606682945778
83,503.477405345121,547.486201396356,506.953730290834,469.856582063245,442.808840683613,422.857798555402,408.140634615885,397.384383827835,395.616224521065,393.957924724114,392.402330179324,390.942581839969,389.572142239541,388.284819002202,387.074779979281,385.936560742396,384.865064612614,383.85555915357,382.903652130683,382.005294975574,381.156751169964,380.354579747565,379.59561462995,378.876941965139,378.19588785341,377.549987167854,376.936973174088,376.35475852078,373.843296947059,371.867678426811,370.295159714626,369.031937816258,368.009887201439,367.178356674309,366.498949416098,365.94208354207,365.484671785195,365.108490774616,364.799029154134,364.544633382321,364.335882834085,364.165114273732,364.026060002599,363.913567438148,363.823384171638,363.751982012493,363.696424661804,363.654258935695,363.623428294559,363.602203210641,363.589124895624,363.582959163427,363.582659597415,363.58733647614,363.596231675505
84,503.272506265285,547.349289609352,506.95278624681,469.854079030522,442.800832540567,422.841349051746,408.114340995019,397.349009217618,395.579322834223,393.919620850294,392.362754853237,390.901868416855,389.530423842232,388.242226080146,387.031438364428,385.892590194634,384.820577817579,383.810661142429,382.858439906632,381.959857581313,381.111169818722,380.308928125038,379.549957312937,378.83134275709,378.150398446853,377.504655490529,376.891841899909,376.309865525887,373.800024217563,371.826467511863,370.256202644868,368.995279118513,367.975484793084,367.146119291609,366.46875905643,365.91380967011,365.458180204049,365.083649080789,364.775710075882,364.522716669262,364.315256213453,364.145673806329,364.007710044293,363.896220356395,363.806959916876,363.736407611292,363.681633677894,363.640190927541,363.610028288543,363.589421201115,363.576915375811,363.571280702042,363.571474436687,363.576610176199,363.585932790017
85,503.069753687623,547.213210101631,506.951840433839,469.851617271362,442.792955157869,422.825154429398,408.088429741926,397.314115180491,395.542916096828,393.881824525637,392.323697976329,390.861682745796,389.489241020377,388.200175201971,386.98864403155,385.849171056881,384.776645563456,383.766319909988,382.813785900743,381.914979131597,381.06614750173,380.263833096012,379.504859528485,378.786299678929,378.105463325799,377.45987589268,376.847260176199,376.265519264127,373.757278808259,371.785764846071,370.217730934573,368.959082119881,367.941520611121,367.114297087077,366.438961630757,365.885907477084,365.432040140978,365.059139887621,364.752705634322,364.501097865129,364.294911874493,364.126501046042,363.989614216084,363.87911476616,363.790765393042,363.721051998327,363.667051298969,363.626322044538,363.596818578176,363.576821258179,363.564880247459,363.559769467707,363.560449809389,363.566038150046,363.575782318827
86,502.869100949787,547.077955298606,506.950892721958,469.849195603483,442.785204927877,422.809207929579,408.062891128477,397.279689934578,395.506992246382,393.844523446362,392.285147039899,390.822012146313,389.448580951747,388.158653430646,386.946383953028,385.806290232503,384.733254703904,383.722522277384,382.769676916995,381.870646426914,381.021671028241,380.219285402404,379.460306171815,378.74179962721,378.061069432783,377.415635369804,376.803215057663,376.221706855007,373.715049218228,371.745558397306,370.17973304747,368.923335873073,367.907984140442,367.082880048742,366.409547615863,365.858367910261,365.40624299298,365.034955019779,364.730008059099,364.479769581811,364.274842788954,364.107589302751,363.971766145076,363.862244591894,363.774794803032,363.705909637164,363.652672232556,363.612647222538,363.583794313016,363.564398731516,363.553015047756,363.548421173331,363.549581593223,363.555616430067,363.56577643957
87,502.670502925958,546.943517588259,506.949942986517,469.84681289147,442.777578382098,422.793503046476,408.037715780287,397.24572211639,395.471539647288,393.807705742862,392.247089975504,390.782844383273,389.408431263569,388.117648281934,386.904645556554,385.763935082096,384.690392551077,383.67925243876,382.726100218942,381.826846727241,380.977725713415,380.175270380453,379.416284558341,378.697829954136,378.017204164354,377.37192136955,376.759694049089,376.178415865871,373.673327336057,371.705836557525,370.142197685523,368.888029518453,367.874864991171,367.051858267567,366.380507585691,365.831182237992,365.380780463124,365.01108659366,364.707609857926,364.458724696317,364.255042181475,364.088932127675,363.954158859862,363.845603978257,363.759042560314,363.690975192864,363.638491379157,363.59916158236,363.570950820095,363.552149141238,363.541315477637,363.537231689311,363.538865817541,363.545341194754,363.555911470825
88,502.473915959374,546.80988933277,506.948980857262,469.844468044396,442.770072185887,422.778033515033,408.012894659899,397.212200761419,395.436547071104,393.771359959628,392.209515134668,390.744167646362,389.368780011876,388.077147703556,386.863416704269,385.722093402501,384.648046854658,383.636504257197,382.683043508694,381.783567730982,380.934303158975,380.131775754429,379.372782439581,378.654378446672,377.973855350252,377.328721770997,376.716685084781,376.135634291443,373.632098571615,371.666588103495,370.10511447591,368.85315328898,367.842153935989,367.021223004992,366.351833239929,365.804341764959,365.355644546367,364.98752700381,364.68550380365,364.437956338432,364.235503517771,364.070523302074,363.936788095464,363.829187279726,363.743503278986,363.676243522467,363.624503823119,363.585860421035,363.558283595501,363.540068169742,363.529777394016,363.526197036118,363.528298656138,363.53520876179,363.546183865395
89,502.279289754858,546.677062878979,506.948026486822,469.842160013559,442.762683125484,422.762793299499,407.988419050983,397.179115285831,395.402003677907,393.735475036367,392.17241126975,390.705970530756,389.329615661994,388.037140055586,386.822685672993,385.680753407004,384.606205781995,383.5942628117,382.640494907028,381.740795619709,380.891389546903,380.088789666027,379.32978798343,378.611433306883,377.931011233845,377.28602486517,376.674176509084,376.093350534516,373.59135167878,371.627802211559,370.068472815249,368.818696963188,367.809841175987,366.990964901744,366.323515645709,365.777838944111,365.330827516092,364.964268910123,364.663682921972,364.417457878981,364.216220493413,364.052356826514,363.919647309661,363.812989050845,363.728171764385,363.661709665999,363.610704824026,363.572739203545,363.545788296401,363.528151654107,363.518396802453,363.51531337716,363.517876420437,363.525215581477,363.536590203962
90,502.086599349612,546.545030568052,506.947069745378,469.839887790468,442.755408112126,422.747776582611,407.964280543609,397.146455469226,395.367898998721,393.700040290125,392.135767515856,390.668242018886,389.290927070159,387.997614091905,386.782441135673,385.639903706695,384.564857899348,383.552516638988,382.598442934665,381.698522771019,380.848973400999,380.046300655621,379.28728975554,378.568983133403,377.888660453622,377.243819336592,376.632157058084,376.051553387656,373.551075789804,371.589468416286,370.032262675018,368.784650961264,367.777917580789,366.961075269409,366.295546570317,365.751665597995,365.306321911468,364.941305225725,364.642140479932,364.397222918801,364.197187023331,364.034426910838,363.902730988824,363.797004036957,363.713043004284,363.647368838025,363.597089808573,363.559793555048,363.533460733612,363.516395578915,363.50716985022,363.504577012153,363.507595553061,363.5153582305,363.527127189096
91,501.895797223845,546.413784744195,506.946110526905,469.837650404822,442.748244169204,422.732977755413,407.940471020255,397.114211486453,395.334222918923,393.665045398476,392.099573373774,390.630971463148,389.252703466105,387.958558942736,386.74267214374,385.59953329279,384.523992154283,383.511254657707,382.556876494555,381.656736158644,380.80704362681,380.00429764472,379.245276701706,378.527016903825,377.846792025694,377.202094245892,376.590615842276,376.010232015984,373.511260399015,371.551576571468,369.996474361484,368.751006023907,367.746374326186,366.931545711542,366.267918038693,365.725814139481,365.282118437825,364.918629105587,364.62086997498,364.377245278373,364.178397231838,364.016727964648,363.88603381,363.781227165567,363.698112160563,363.633216419663,363.583654362949,363.547019253493,363.521296864506,363.504796069435,363.496092819797,363.493984370834,363.497452621807,363.505633406151,363.517791639654
92,501.706844992524,546.283317762621,506.945148726648,469.835446922711,442.741188428787,422.718391407649,407.916982642614,397.08237369098,395.300965662538,393.630480383542,392.063818693849,390.594148569633,389.214934436646,387.919964098079,386.703368110529,385.559631519949,384.483597858878,383.470466151716,382.515782937355,381.615425046994,380.765589494926,379.962769919186,379.203738131245,378.485523958182,377.805395327314,377.160839013323,376.549542330128,375.969375940861,373.471895344888,371.51411498129,369.961098501073,368.717753198079,367.715202880674,366.902368106989,366.240622331712,365.70027723596,365.258214344841,364.896233935738,364.599865124718,364.357518987945,364.159845443268,363.999254588315,363.869550632285,363.76565353808,363.683374561318,363.619247951063,363.570394225576,363.534412222733,363.509292786375,363.493349385268,363.485162122717,363.483532007045,363.48744431389,363.496037920781,363.508580485451
93,501.519705453041,546.153621996818,506.944184252371,469.833276444823,442.734238126496,422.704012318711,407.893807839172,397.050932916654,395.268117823318,393.596335596976,392.028493660729,390.55776338275,389.177609910143,387.881819392087,386.664518795552,385.52018809054,384.443664673965,383.430140754241,382.475155707196,381.574579050047,380.724600625158,379.921707113534,379.162663701252,378.444493983207,377.764460081184,377.120043403231,376.508926332642,375.92897502446,373.432970798758,371.477078092308,369.926126026425,368.684883824511,367.684394992761,366.873534608648,366.213651985626,365.675047798129,365.234600766381,364.874113323061,364.579119857153,364.338038278281,364.141526173076,363.982001564518,363.853276488812,363.750278422058,363.668825693477,363.605459124258,363.557305280287,363.521968525952,363.497444730147,363.482051914259,363.47437429372,363.473216593132,363.477567430617,363.486568696618,363.499490762233
94,501.334342536663,546.024689836909,506.943217006846,469.831138104867,442.727390596728,422.689835449054,407.870939293388,397.019880242275,395.23567015873,393.56260175683,391.993588778941,390.521806270573,389.140720141789,387.844114988258,386.626114289612,385.481193039666,384.404182594134,383.390268432885,382.434982848528,381.534188116392,380.684066971594,379.881099195942,379.122043401691,378.403916997533,377.723976340711,377.079697509288,376.468757988702,375.889019455227,373.394477247686,371.440454776081,369.89154816331,368.652389523831,367.653942678933,366.845037626032,366.186999780999,365.650118969458,365.211271192512,364.852260854115,364.558628301508,364.318797571836,364.123434119472,363.964963850207,363.837206578994,363.735097243896,363.654461195732,363.591845776475,363.544383549912,363.509684359507,363.485749054436,363.470900166829,363.463725985308,363.463034914635,363.467818882223,363.47722276086,363.490519606946
95,501.150721262357,545.896513722686,506.942246899313,469.829031067981,442.720643268167,422.675855932141,407.848369932586,396.989207037016,395.203613878631,393.529269720154,391.95909485921,390.486267911099,389.104255699704,387.806841365421,386.588145000731,385.442636721059,384.365141933555,383.350837586969,382.395254634509,381.494242515019,380.643978808429,379.840936454143,379.081867541305,378.363783337589,377.683934475988,377.03979174057,376.429027751121,375.849499733998,373.356405481974,371.404236167209,369.857356418149,368.620262185549,367.62383821226,366.81686980768,366.160658732231,365.625484116187,365.188219325477,364.830671056392,364.538384779497,364.299791474504,364.105564155471,363.94813656906,363.821336261349,363.720105581886,363.640276851955,363.578403883773,363.531625190144,363.497556047026,363.474202239915,363.459890770554,363.453213962529,363.45298386534,363.458195683118,363.467997241015,363.481664253272
96,500.968807693037,545.769086113768,506.941273842385,469.826954529309,442.713993659476,422.662069066765,407.826092917407,396.958904948091,395.171940420966,393.49633080665,391.925003050325,390.451139279121,389.068207451709,387.769989304454,386.550601640788,385.404509793664,384.326533312587,383.311842579259,382.355961645298,381.454732821895,380.604326716505,379.80120948201,379.042126734244,378.324083644273,377.644325160473,377.000316808297,376.389726373502,375.810406660898,373.318746580419,371.368413680299,369.823542566219,368.588493956515,367.594074110894,366.789024037029,366.134622077626,365.601135555846,365.165439070604,364.809337860858,364.518383565222,364.281014767694,364.087911321378,363.931515004242,363.805661046558,363.70529915964,363.626268584855,363.565129554979,363.519026483796,363.485580033943,363.462800884036,363.449020465059,363.442835098065,363.443060442522,363.448694947299,363.458889360547,363.472922027359
97,500.788568893975,545.642399515155,506.940297751902,469.824907712605,442.707439375277,422.648470309832,407.804101631819,396.928965889016,395.140641495666,393.463776550673,391.89130463935,390.41641167999,389.032566552837,387.733549875699,386.513475212881,385.366803208944,384.288347645005,383.273272418614,382.31709475529,381.415649907169,380.565101570603,379.761909166847,379.002811887378,378.284808850342,377.605139358452,376.961263713307,376.350844897756,375.771731322946,373.281491907121,371.332978998412,369.790098640525,368.55707723025,367.564643130392,366.761493422611,366.108883270001,365.577069593886,365.142924527744,364.788255667467,364.498619850708,364.262462129408,364.070470817671,363.915094591667,363.790176591039,363.690673839886,363.612432450073,363.552019026052,363.506583835326,363.473752882187,363.451541695966,363.438286097209,363.432586367595,363.433261742457,363.439313884053,363.44989643467,363.464290343857
98,500.609972893277,545.516446476915,506.939318546782,469.822889868946,442.70097810236,422.635055269496,407.782389673649,396.899382028549,395.109709073432,393.431598751998,391.857991335158,390.382076544739,388.997324479209,387.697514427016,386.476756999312,385.329508198842,384.250576125952,383.235118275459,382.278645121045,381.376984923149,380.526294527373,379.723026677312,378.963914188279,378.245950168418,377.56636831305,376.922623734158,376.312374642272,375.733465082229,373.244633085154,371.297924061977,369.757016921137,368.526004636744,367.535538250871,366.734271288665,366.083435967762,365.553278950354,365.120669983187,364.767419053603,364.479088202211,364.244129267124,364.053237998266,363.898870913519,363.774878690737,363.676225618562,363.598764630538,363.539068654654,363.494293765663,363.462071265278,363.440421491836,363.427684616486,363.422464845383,363.423584956224,363.430049793848,363.441015866394,363.455766701937
99,500.432988644289,545.391219598091,506.938336148855,469.820900275503,442.694607606015,422.621819698693,407.760950845656,396.870145780158,395.079135374943,393.399789464943,391.825055050216,390.348125722862,388.962472825406,387.661874615841,386.440438550207,385.292616264328,384.213210220461,383.197371590681,382.240604169758,381.33872929276,380.487897013844,379.684553452024,378.925425093812,378.207499079582,377.528003534942,376.884388415865,376.274307190633,375.695599564784,373.208161996969,371.263241058342,369.72428992519,368.495269032772,367.506752669428,366.707351165875,366.058274026454,365.529757792635,365.098669901913,364.746822766768,364.459783634248,364.226011111297,364.036208121712,363.882839692145,363.759763275315,363.661950619264,363.585261431094,363.526274915018,363.48215290731,363.450531963592,363.429437190228,363.417213070693,363.412467700092,363.414027365596,363.420900064459,363.43224514295,363.447348682177
100,500.257585989871,545.266711530206,506.937350482771,469.818938234393,442.688325726695,422.608759488979,407.739779146967,396.84124979196,395.048912860698,393.368340987987,391.792487944859,390.314551258429,388.928003594954,387.626622216747,386.404511712342,385.256119164554,384.176239789765,383.160024064656,382.202963588406,381.300874698683,380.449900716543,379.646481188649,378.887336319289,378.169447322595,377.490036791534,376.846549559131,376.236634381022,375.658126649932,373.172070770813,371.228922411823,369.691910397257,368.464863493212,367.478279790934,366.680726784174,366.033391489701,365.506500468043,365.076918920305,364.7264617176,364.440701316672,364.208103075894,364.019377365624,363.866996524988,363.744826402621,363.64784508791,363.571919273475,363.51363439312,363.470157999684,363.43913185989,363.418585807867,363.406868601802,363.402592190883,363.404586339447,363.411862167508,363.42358183217,363.439033747684
