p_bar,of_1,of_1_5,of_2,of_2_5,of_3,of_3_5,of_4,of_4_5,of_5,of_5_5,of_6,of_6_1,of_6_2,of_6_3,of_6_4,of_6_5,of_6_6,of_6_7,of_6_8,of_6_9,of_7,of_7_1,of_7_2,of_7_3,of_7_4,of_7_5,of_7_6,of_7_7,of_7_8,of_7_9,of_8,of_8_5,of_9,of_9_5,of_10,of_10_5,of_11,of_11_5,of_12,of_12_5,of_13,of_13_5,of_14,of_14_5,of_15,of_15_5,of_16,of_16_5,of_17,of_17_5,of_18,of_18_5,of_19,of_19_5,of_20
1,1.22355645066403,1.25322612277979,1.27307118063667,1.28792861634207,1.29939283241478,1.2857486425575,1.27629555511834,1.26996018321145,1.26583241378993,1.26317213452778,1.26142294125613,1.26114930602214,1.26089609076564,1.26066160032407,1.26044431557202,1.26024287304728,1.26005604686645,1.25988273275941,1.25972193402601,1.25957274921281,1.25943436131347,1.25930602830983,1.25918707811335,1.25907689158134,1.25897490243974,1.25888059890666,1.25879350821989,1.25871319584553,1.25863926165542,1.25857133654854,1.25850907945938,1.25827252303253,1.25813871354353,1.258084851806,1.25809429295992,1.25815457596485,1.25825615546266,1.25839158340538,1.25855495397834,1.25874151842832,1.2589474114197,1.25916945255961,1.25940499979344,1.25965183935205,1.25990810194203,1.26017219809661,1.26044276944499,1.26071864185553,1.26099880473069,1.26128237802801,1.26156859364269,1.26185677945058,1.26214634211821,1.26243676109625,1.26272757539997
1.01325,1.22354287631215,1.25322399505259,1.27306970801061,1.28792563239549,1.29938554433575,1.28573111577938,1.27626806032606,1.26992442712618,1.26579046557072,1.26312623265841,1.26137478302135,1.26110084218285,1.26084735965752,1.26061263666259,1.26039515080497,1.26019353568112,1.26000656276464,1.25983312541289,1.25967222479691,1.25952295755293,1.2593845049597,1.25925612345846,1.25913713961124,1.2590269329964,1.25892493616827,1.25883063637489,1.25874355993744,1.25866327149249,1.25858937016005,1.25852148615665,1.25845927779643,1.25822306122105,1.25808971536042,1.25803640503614,1.25804646108233,1.25810740565636,1.25820968135352,1.25834583128212,1.25850994297293,1.25869726254904,1.25890392064382,1.25912673362817,1.25936305679985,1.25961067418556,1.25986771462777,1.26013258706078,1.26040393173603,1.26068057328148,1.26096150003442,1.2612458309929,1.26153279719367,1.26182172574349,1.26211202261349,1.26240316663449,1.26269469626408
2,1.22259235869836,1.25306963985415,1.27298476380763,1.28778374027839,1.29904570342246,1.28490325821116,1.27492833919525,1.26814450589476,1.26366992821147,1.26078260123492,1.25890173096796,1.25861010059665,1.25834109931125,1.25809282633988,1.2578635760942,1.25765181663172,1.25745617022001,1.25727539595062,1.2571083742842,1.25695409337288,1.2568116369918,1.25668017391087,1.25655894854465,1.25644727272977,1.25634451413604,1.25625010697909,1.25616352131829,1.25608427450682,1.25601192281283,1.25594605756138,1.25588630171773,1.25566783578663,1.25555926174926,1.25553571229044,1.25557914094151,1.25567611272665,1.25581638543256,1.2559920010292,1.25619666213872,1.25642532438159,1.25667388672718,1.25693897874672,1.25721780219725,1.25750801274127,1.25780763003532,1.25811496910624,1.25842858665054,1.25874723902124,1.25906984887982,1.25939548004871,1.25972330964527,1.26005262040934,1.26038277958391,1.26071322938378,1.26104347496939
3,1.22173084571813,1.25291756467935,1.27291853323573,1.28770490303756,1.29887051379952,1.28448016490494,1.27420785061711,1.26715206621155,1.26245566600495,1.25941666672754,1.25744533072382,1.25714115874269,1.25686110667819,1.25660313574685,1.25636541389604,1.25614630093372,1.25594431759393,1.25575813116744,1.25558653926876,1.25542845537003,1.25528289599996,1.25514896506965,1.2550258603608,1.25491284069019,1.25480923366004,1.25471442500239,1.25462785251751,1.25454900072332,1.25447739612784,1.25441260304694,1.25435421989957,1.25414640013017,1.25405335485935,1.25404878008443,1.25411369073009,1.2542339763665,1.25439892028855,1.2546002154734,1.25483130466566,1.25508693725367,1.25536284391894,1.25565552431483,1.25596207049318,1.25628004572684,1.25660739089356,1.25694235277818,1.25728342851796,1.25762932203039,1.25797890961798,1.25833121243728,1.25868537435899,1.25904064532106,1.25939636112435,1.25975193985035,1.26010686624326
4,1.22094968215621,1.25276809823314,1.27285896096377,1.28764779957607,1.29875454582829,1.28421036024359,1.27373336328265,1.26648238482065,1.26162080055958,1.25846526085152,1.25642298092517,1.25610887341177,1.25582003371633,1.25555432532189,1.25530982613034,1.2550848065753,1.25487771265646,1.25468713709918,1.25451181041543,1.25435059150144,1.25420244012279,1.25406642547755,1.25394169081977,1.2538274602774,1.25372302671222,1.25362774446485,1.25354102297686,1.25346232099308,1.2533911417379,1.25332702836926,1.25326956007603,1.25306928023577,1.25298758094097,1.25299705499049,1.25307795710608,1.25321567242228,1.25339910979924,1.25361968212084,1.25387062162426,1.25414651599785,1.25444297358482,1.25475638075178,1.25508374465661,1.25542255452632,1.2557706879944,1.25612633686642,1.25648795039573,1.25685419042173,1.25722389613008,1.25759605592547,1.2579697848092,1.2583443060313,1.25871893733596,1.25909307344099,1.25946618378696
5,1.22023345561081,1.25262076789683,1.27280260982411,1.28760103471422,1.29866768200384,1.28401764416729,1.27338650169326,1.2659837407388,1.26098998086896,1.25773883209825,1.25563737117198,1.25531490948943,1.25501866635856,1.25474642353988,1.25449618301237,1.25426614526853,1.25405468897518,1.25386035223449,1.2536818116568,1.25351788521921,1.25336748658517,1.25322963462408,1.25310344433713,1.25298810782294,1.25288288899524,1.25278711603126,1.25270017462242,1.25262150212667,1.25255058228361,1.25248694058506,1.25243014016125,1.2522356737293,1.2521629638434,1.25218367618607,1.25227744114245,1.25242920824665,1.25262757927965,1.25286373338351,1.25313073817215,1.25342302894242,1.25373610919749,1.25406628340698,1.25441047671612,1.25476611827932,1.25513103176546,1.25550336247994,1.25588151897123,1.25626412744099,1.25664999577956,1.25703808492359,1.257427485838,1.25781740085611,1.2582071284243,1.25859605165644,1.2589836231966
6,1.21957098272107,1.25247535324157,1.27274814723399,1.28756014857709,1.29859783680671,1.28387047188934,1.27311682872531,1.26559027964099,1.2604861645752,1.25715348613192,1.25500084178934,1.25467110620635,1.25436840464172,1.25409045031205,1.25383518109824,1.25360073813522,1.25338544552342,1.25318779147584,1.25300640684041,1.25284006572566,1.25268764777706,1.2525481440422,1.25242063211426,1.25230427341578,1.25219831018908,1.25210204794443,1.25201485188713,1.25193614077853,1.25186538149947,1.25180208423262,1.25174579818966,1.25155604642113,1.25149080100469,1.25152092105682,1.251625503797,1.25178911476028,1.25200008578456,1.25224940330102,1.25252996877093,1.25283611941789,1.25316324378768,1.25350757272444,1.25386597342077,1.25423581241873,1.25461486871873,1.25500124672587,1.25539331937494,1.25578968174696,1.25618911451721,1.25659055486859,1.25699307312603,1.25739585382933,1.25779818024306,1.25819942444432,1.25859902340585
7,1.21895385991871,1.25233172936661,1.27269492942212,1.28752299062662,1.29853905791213,1.28375297705586,1.27289841574251,1.26526764060313,1.2600687381566,1.25666474312786,1.25446675861056,1.25413054238319,1.25382207733641,1.25353901767615,1.25327924575682,1.25304085103937,1.25282210993295,1.25262146296425,1.25243751258058,1.25226898525643,1.25211473134162,1.25197370877521,1.25184497159722,1.25172766282844,1.25162099270972,1.25152425298306,1.25143678459244,1.25135799294675,1.25128732996028,1.25122429222166,1.25116841658105,1.25098261878285,1.25092376748091,1.25096200722099,1.2510759548679,1.25124984104071,1.25147175735731,1.25173250967679,1.25202487049378,1.25234305731207,1.25268239085158,1.25303902272821,1.25340975621642,1.25379191856992,1.25418323934263,1.25458178873783,1.25498590785032,1.25539416402328,1.25580531377807,1.25621827333312,1.25663209493245,1.25704594766023,1.25745910174681,1.25787091561213,1.25828082609905
8,1.2183755936441,1.25218980993068,1.27264260153352,1.28748837795075,1.29848800899784,1.28365614067669,1.2727162731374,1.26499571177932,1.25971372098997,1.25624619360743,1.25400736021484,1.2536652750394,1.25335158306355,1.25306388673478,1.25280001941485,1.2525580247558,1.25233613672856,1.25213275664206,1.25194645154232,1.25177591516806,1.25161996824324,1.25147754181815,1.25134766555699,1.2512294572891,1.25112211371184,1.25102490509408,1.2509371558764,1.25085825953732,1.2507876485081,1.25072481018374,1.25066927024409,1.25048686885014,1.25043361732294,1.25047901411473,1.25060124168273,1.25078422759351,1.25101584605561,1.25128674136591,1.25158956052277,1.25191843076668,1.25226858598538,1.25263612104995,1.25301778727362,1.25341086031497,1.25381303401807,1.2542223454892,1.2546371069364,1.2550558606174,1.25547734130201,1.25590044643305,1.25632421217159,1.25674779397916,1.25717045072562,1.25759153155694,1.25801046598735
9,1.21783105022511,1.25204952807136,1.27259096574888,1.28745559862578,1.29844264576305,1.28357442219854,1.27256100367573,1.26476174555494,1.25940579817306,1.25588089303548,1.25360478429191,1.25325732180746,1.25293883201484,1.25264687428015,1.25237923814078,1.25213392608716,1.2519091300469,1.25170322709075,1.25151474097872,1.25134233943432,1.25118481622813,1.25104107791476,1.25091013193101,1.25079107595148,1.25068308840106,1.25058542002854,1.25049738945024,1.25041836411504,1.25034777633554,1.25028509300367,1.25022983277148,1.25005040179398,1.25000213624916,1.25005394279389,1.25018360329291,1.25037477540009,1.25061512611857,1.25089515409123,1.25120739297804,1.25154588118144,1.25190578077989,1.25228312830517,1.25267462273479,1.25307750508975,1.2534894314063,1.25390840427909,1.25433271183473,1.25476087339444,1.25519160392328,1.25562378386301,1.25605643491159,1.25648870038722,1.25691982914716,1.25734916228631,1.25777612202471
10,1.21731609294941,1.25191082771593,1.27253987893058,1.28742419496425,1.29840163107343,1.28350416085481,1.27242635417613,1.26455717818141,1.25913460911497,1.25555732866151,1.25324687364946,1.25289442916935,1.25257149420925,1.25227558643557,1.25200445030944,1.25175605375519,1.25152855367324,1.25132029512879,1.25112977208781,1.25095562511557,1.25079662321127,1.25065165039089,1.25051969361452,1.25039983197435,1.25029122704432,1.25019311428664,1.25010479541113,1.25002563158763,1.24995504022491,1.24989247817935,1.24983745736847,1.24966066094283,1.24961689233355,1.2496745107102,1.24981092944882,1.2500095496259,1.25025785306943,1.25054620118337,1.25086702249512,1.25121427075694,1.2515830478463,1.25196932685711,1.25236977101352,1.25278157516026,1.25320236460972,1.25363011357822,1.25406308582967,1.25449977953498,1.25493889147487,1.2553792865625,1.25581997337667,1.25626008431673,1.25669885933973,1.25713563249452,1.25756982065638
11,1.21682733414448,1.25177366066766,1.27248924899142,1.28739385745734,1.29836404538358,1.28344283429434,1.27230796853771,1.26437599233895,1.25889282760136,1.25526732736014,1.25292497197876,1.25256788438005,1.25224079973537,1.25194119552676,1.2516667881817,1.25141550309911,1.25118546782003,1.25097499791419,1.25078255983428,1.25060676901967,1.25044637151834,1.25030023043773,1.25016731372554,1.25004668320628,1.24993748478105,1.24983893968997,1.2497503367357,1.2496710253696,1.24960040954817,1.24953794507672,1.24948312333553,1.24930869313613,1.24926902234006,1.24933196260642,1.24947458364571,1.2496800471022,1.24993566195704,1.25023166138672,1.25056037565407,1.25091568124016,1.25129261791029,1.25168710745246,1.25209576824764,1.25251576289646,1.25294468595217,1.25338048460264,1.2538213962832,1.25426590183976,1.25471268123854,1.25516058511148,1.2556086100528,1.25605587857429,1.25650162266602,1.25694517017009,1.25738593336523
12,1.21636195329756,1.25163798300288,1.27243901091331,1.28736436824257,1.29832923069706,1.28338866010831,1.27220269981495,1.26421380682607,1.25867508843092,1.25500488116704,1.25263270525875,1.25227126103557,1.25194027894573,1.25163720212058,1.25135971116944,1.25110570447398,1.25087328218372,1.25066072464786,1.25046647629906,1.25028912917574,1.25012740791994,1.24998015611558,1.24984632394037,1.2497249570668,1.2496151867262,1.24951622083972,1.24942733611714,1.24934787102669,1.24927721954404,1.24921482559514,1.24916018089355,1.2489878902307,1.24895198508733,1.24901983808131,1.24916819623551,1.24937999634466,1.2496423849386,1.24994547471398,1.25028150347036,1.25064427495276,1.25102876843799,1.25143086337117,1.25184713203099,1.25227470512401,1.25271114502402,1.25315438314335,1.25360262624231,1.25405434005237,1.25450818890492,1.25496301022191,1.25541778958686,1.25587164050652,1.25632378780025,1.25677355381636,1.25722034686929
13,1.21591760028437,1.25150375446296,1.27238911720604,1.287335559649,1.29829670073326,1.28334030610672,1.27210820629941,1.26406733810878,1.25847734870062,1.25476544712305,1.2523652444142,1.2519996912567,1.25166502985266,1.25135867187833,1.25107826725977,1.25082168235467,1.25058699794241,1.2503724603738,1.250176493,1.24999766596709,1.24983468384203,1.24968637187827,1.2495516635538,1.24942958935026,1.24931926669346,1.24921989096363,1.24913072747922,1.24905110435876,1.24898040617,1.24891806828112,1.2488635718362,1.24869323606354,1.24866081569924,1.24873323424213,1.2488869341097,1.24910463742568,1.24937334436852,1.24968304665972,1.25002589703246,1.25039563041804,1.25078717063497,1.25119635159635,1.25161970744563,1.252054336835,1.2524977744909,1.25294792874473,1.25340298566233,1.25386139408539,1.25432180373794,1.25478303976464,1.25524407758388,1.25570402246194,1.25616209273455,1.25661760586888,1.2570699667552
14,1.21549225520493,1.25137093755297,1.27233953218144,1.28730733033636,1.29826608637964,1.28329677037975,1.27202270211659,1.26393406531622,1.25829648895156,1.25454550837898,1.25211884423766,1.25174939875326,1.25141124900899,1.25110177757784,1.25081860592167,1.25055957301231,1.25032273135117,1.25010631103534,1.24990870497946,1.24972846543897,1.2495642780657,1.24941495082076,1.24927940141864,1.24915664598679,1.24904578892267,1.24894601370333,1.24885657488569,1.24877679079094,1.24870603707845,1.24864374101103,1.24858937635204,1.24842083323459,1.2483916569281,1.24846834252521,1.24862704359469,1.24885028077848,1.24912490896208,1.24944081144734,1.24979005803458,1.25016631825368,1.25056446321594,1.25098028357243,1.2514102771063,1.25185150977181,1.25230149716301,1.2527581132764,1.25321954299824,1.25368420326408,1.2541507354294,1.25461795317957,1.25508482262339,1.255550441274,1.2560140216603,1.25647487690041,1.25693240892705
15,1.21508420647686,1.25123949631812,1.27229022702239,1.28727958194793,1.29823710115629,1.28325727888325,1.27194479672825,1.26381201359783,1.25813005378088,1.25434228801515,1.25189054239548,1.25151739594007,1.25117592663611,1.25086349006166,1.25057768113864,1.25031631320335,1.25007741465774,1.24985919024703,1.24966001962435,1.24947842759397,1.24931308461551,1.24916278227778,1.24902642334793,1.24890301034049,1.24879163524126,1.24869147030341,1.24860175982504,1.24852181281665,1.24845099646921,1.24838873033873,1.24833448116941,1.24816759066306,1.24814145264519,1.24822214575403,1.24838555149363,1.24861399865096,1.24889420371318,1.24921594666242,1.24957121822917,1.24995362556951,1.25035798950449,1.25078005940547,1.25121629841879,1.25166374344554,1.25211988539463,1.25258257694192,1.25304998526751,1.25352051153849,1.25399278446482,1.25446560700436,1.25493793638695,1.25540886332694,1.25587759491872,1.25634344039655,1.25680579914107
16,1.21469196114753,1.25110939875879,1.27224118275013,1.2872522439763,1.29820951811448,1.28322122265603,1.27187338809554,1.26369960873852,1.2579760770774,1.25415355588978,1.25167795593864,1.25130127900898,1.25095664061264,1.25064137119488,1.25035304084047,1.25008943880115,1.24984857076506,1.24962861996243,1.24942794618098,1.24924505552082,1.24907860157741,1.24892736037939,1.24879022048009,1.24866617143586,1.24855429343459,1.24845374799604,1.24836376965659,1.24828365854849,1.24821277378543,1.24815052757081,1.24809637995095,1.24793102567326,1.24790774047965,1.247992213228,1.2481600629062,1.24839343502741,1.24867891377073,1.24900618034798,1.24936714986018,1.24975536978168,1.25016561280353,1.25059358689876,1.25103572775532,1.2514890388218,1.25195098933107,1.2524194116346,1.25289245308213,1.25336850888086,1.25384618680753,1.25432428274204,1.25480174573609,1.2552776600506,1.25575122789216,1.25622175502472,1.25668863863612
17,1.21431421894938,1.25098061248677,1.27219238076873,1.2872252605372,1.29818315491489,1.28318811471266,1.27180758917392,1.26359557691329,1.25783296120783,1.25397749481321,1.25147913985954,1.25109908550371,1.25075141315487,1.25043342978267,1.25014267886121,1.24987693681703,1.24963417798788,1.24941256850778,1.24921044655729,1.24902630868872,1.24885878419798,1.2487066370308,1.24856874218095,1.24844407683432,1.24833170990937,1.2482307926683,1.24814055031478,1.24806027449017,1.24798931658113,1.24792708175566,1.24787302364994,1.24770910116639,1.24768850748897,1.24777655812225,1.2479486205915,1.24818666473309,1.24847714799279,1.24880965683115,1.2491760338104,1.24956976913953,1.24998558932073,1.25041916436357,1.2508668983323,1.25132576789337,1.25179321751623,1.25226706689641,1.25274543830726,1.25322672179053,1.25370950702551,1.25419258266922,1.25467489012212,1.25515550766271,1.25563363300328,1.2561085688434,1.25657971047122
18,1.21394985109474,1.25085310721582,1.27214380698483,1.28719858667942,1.29815786260731,1.28315756037569,1.27174667642162,1.26349887373086,1.25769939104652,1.25381260459989,1.25129248627417,1.25090919277965,1.25055860864582,1.25023801885148,1.24994494486667,1.24967714180481,1.24943256349942,1.24920935675894,1.24900584170376,1.24882049557143,1.24865194000997,1.24849891689823,1.24836029092712,1.24823502744202,1.24812218456847,1.24802090374019,1.247930401215,1.24784996049261,1.24777892554848,1.24771669480123,1.24766271573631,1.247500132793,1.24748208710226,1.2475735356548,1.2477496044467,1.24799209457437,1.24828734163299,1.24862484103936,1.24899636562022,1.24939535046576,1.2498164776589,1.25025538069318,1.25070843322756,1.2511725861999,1.25164526240768,1.25212426317215,1.25260769501576,1.25309393220957,1.253581561767,1.2540693549459,1.25455624885062,1.25504131620191,1.25552375064035,1.25600285204702,1.2564780141334
19,1.21359785132405,1.25072685395624,1.272095449752,1.28717218577321,1.29813351805005,1.28312923572971,1.27169005258123,1.26340863306039,1.25757427164093,1.25365763309592,1.25111665098907,1.25073024402425,1.25037685917229,1.25005376080732,1.24975844955412,1.24948866035929,1.24924232756996,1.24901757958463,1.24881271928718,1.24862620790692,1.24845665240561,1.2483027808956,1.24816344573099,1.24803760089727,1.24792429415935,1.24782265751167,1.2477318986171,1.24765129315054,1.24758017796271,1.24751794498228,1.24746403577929,1.24730271031606,1.2472870840656,1.24738176895607,1.2475616584688,1.24780839121787,1.24810818335708,1.24845044886529,1.24882688702097,1.24923088194527,1.24965707291288,1.25010105816558,1.25055918208863,1.25102837085264,1.2515060264188,1.2519899324744,1.25247818045902,1.25296913222508,1.25346136437984,1.25395363954694,1.25444488820558,1.25493417790378,1.25542069852556,1.25590374746837,1.25638271709847
20,1.21325732537732,1.25060182489833,1.27204729931663,1.28714602762323,1.29811001828644,1.28310287204273,1.27163721942476,1.26332412898657,1.25745668209286,1.25351152451935,1.25095049905937,1.25056109344632,1.25020500941738,1.24987949185881,1.24958202181889,1.24931031502853,1.24906228727409,1.24883604940958,1.2486298877795,1.24844224830207,1.24827172118715,1.24811702933441,1.24797700524027,1.24785059463748,1.24773683532449,1.24763485021141,1.24754383868617,1.24746306888777,1.24739187080344,1.24732963010845,1.24727578267201,1.24711563845924,1.24710231861819,1.24720009392089,1.24738363633726,1.24763442770614,1.24793857087376,1.24828539529068,1.24866653515339,1.24907532336047,1.24950635776794,1.24995520268211,1.25041817248184,1.25089217458043,1.25137458574141,1.25186317232655,1.25235601754662,1.25285146513758,1.25334808387474,1.25384462819151,1.25434002233492,1.2548333290305,1.25532373471289,1.25581053456144,1.25629311982133
21,1.21292748969187,1.25047798712822,1.27199934741063,1.2871200870798,1.29808727636839,1.28307824418182,1.27158775740026,1.26324474765737,1.25734584081131,1.25337338067526,1.25079306355945,1.25040076465628,1.25004207464999,1.24971422009141,1.24941466339928,1.24914110204617,1.24889143410459,1.24866375358295,1.24845633107917,1.24826759777151,1.24809613025038,1.24794063639186,1.24779994473331,1.24767298286491,1.24755878157303,1.2474564549662,1.2473651944701,1.2472842609526,1.24721297777679,1.24715072458132,1.24709693173115,1.24693790535406,1.24692678158541,1.24702751756974,1.24721456036341,1.2474692430078,1.24777755879341,1.24812875541992,1.24851440412216,1.24892778822282,1.24936346559878,1.24981696761158,1.25028458129003,1.25076319107782,1.25125015427216,1.25174322088388,1.25224046039067,1.25274020296222,1.25324101120091,1.25374163419085,1.25424098383528,1.25473812118782,1.25523222951357,1.25572260201454,1.25620862901805
22,1.21260762950335,1.2503553267334,1.27195158694666,1.28709434299995,1.29806521820348,1.28305516187828,1.27154131019914,1.26316996561003,1.25724107923977,1.253242431263,1.25064351416557,1.25024841907424,1.24988720902527,1.24955709324349,1.24925551645332,1.24898015871782,1.24872890117245,1.24849982171231,1.24829117576697,1.24810138036522,1.24792899899148,1.24777272743899,1.24763138323062,1.24750388365485,1.24738925027997,1.24728658879749,1.24719508290172,1.24711398643298,1.24704261635054,1.24698034645588,1.24692660179064,1.24676863346239,1.2467596129427,1.24686318611428,1.24705359000578,1.24731201102066,1.24762433634966,1.24797973449945,1.2483697157034,1.24878751525723,1.24922765219508,1.24968562608404,1.25015769742049,1.2506407284798,1.25113205767148,1.25162941926736,1.25213086953005,1.25263472750508,1.25313954685013,1.25364406939688,1.25414720126492,1.25464799939516,1.25514564413898,1.25563942694033,1.25612873739252
23,1.21229710587859,1.25023381329067,1.27190401178712,1.28706877745899,1.29804378013989,1.28303346304723,1.27149757289181,1.26309933311252,1.25714182091929,1.25311801084052,1.25050113264478,1.25010333119404,1.24973968063251,1.24940737378587,1.2491038385443,1.24882673834309,1.24857393809669,1.24834350023305,1.24813366559552,1.24794283758733,1.24776956705576,1.24761253813712,1.24747055517617,1.24734253312462,1.24722747704154,1.24712448697525,1.24703273915743,1.24695148062593,1.24688002213964,1.24681773184717,1.24676402963391,1.24660706504564,1.2466000604802,1.24670636013587,1.24689999740115,1.24716201648438,1.24747820166714,1.24783764462785,1.24823179640647,1.24865384568558,1.24909827385534,1.24956054957946,1.25003690765532,1.25052418877527,1.25101971323079,1.25152120002862,1.25202669269659,1.2525344995905,1.25304316580777,1.25355142627478,1.25405818173314,1.25456248511414,1.25506351416324,1.25556055876654,1.25605300795038
24,1.21199534011329,1.25011342073197,1.27185661656637,1.28704337514334,1.29802290709162,1.28301300861144,1.27145628267654,1.2630324611408,1.25704756576759,1.25299954073594,1.25036529362677,1.24996486920342,1.24959885198447,1.24926441925034,1.24895898285072,1.24868019031551,1.24842589100041,1.24819413246407,1.24798314150297,1.24779130838003,1.24761717174151,1.2474594044586,1.24731680051885,1.24718826544614,1.24707279548336,1.24696948282211,1.24687749646258,1.24679607684882,1.24672452872799,1.24666221476668,1.24660854984896,1.24645253944384,1.24644747072822,1.24655639505803,1.24675314811598,1.24701863603388,1.24733854314348,1.2477018864882,1.24810005959405,1.24852620584813,1.24897477006252,1.24944119088037,1.24992167814739,1.25041305167387,1.25091261412407,1.25141806977456,1.25192744986726,1.2524390524737,1.25295141448973,1.25346326152446,1.25397349723744,1.25448116292645,1.25498543653452,1.25548560657257,1.25598106165126
25,1.21170181237207,1.24999413019948,1.27180939655237,1.28701812287837,1.29800255106575,1.28299367845567,1.27141721168036,1.26296901108684,1.25695787719909,1.25288651463763,1.25023544931914,1.24983247957445,1.24946416449885,1.24912766661665,1.24882038247195,1.24853994435895,1.24828418668903,1.24805114270677,1.24783902566273,1.24764621313049,1.24747123196076,1.24731274412387,1.24716953357754,1.24704049671083,1.24692462121762,1.24682099166997,1.24672877005152,1.24664719040658,1.24657555164611,1.24651321111353,1.24645957883576,1.24630447722938,1.24630127056888,1.24641272561335,1.2466124858369,1.24688132313217,1.2472048246342,1.2475719347927,1.24797399118383,1.24840409312738,1.24885664985196,1.24932707080514,1.24981154158045,1.25030686170949,1.25081031676107,1.25131959675,1.25183271908378,1.25234797782778,1.25286389610953,1.2533791951434,1.25389277390378,1.25440367008636,1.25491105944977,1.25541422929961,1.2559125679712
26,1.21141604530639,1.24987591733864,1.27176234753786,1.28699300925642,1.29798266999269,1.28297536819446,1.27138015113684,1.2629086865276,1.25687237193254,1.25277848730641,1.25011111723671,1.24970567469065,1.24933512603573,1.2489966197718,1.24868753781972,1.24840549786067,1.24814831993355,1.24791402348588,1.2477008086891,1.24750704084783,1.24733123539522,1.24717204374048,1.24702824011678,1.24689870949332,1.24678243893948,1.2466784979537,1.24658604426205,1.24650430569015,1.24643257547647,1.2463702057895,1.24631660193342,1.24616236741911,1.24616095462905,1.24627485335913,1.24647752007131,1.24674959596669,1.24707657355683,1.24744732660314,1.24785313819271,1.24828706472587,1.24874348077804,1.24921776737336,1.2497060865085,1.25020521800195,1.25071243082577,1.25122540117248,1.25174213493312,1.25226091674177,1.25278026014152,1.25329888602594,1.25381568320903,1.25432968790747,1.25484007388121,1.25534612738127,1.25584723659646
27,1.21113760479855,1.24975876059014,1.27171545799658,1.28696802434104,1.29796322678773,1.28295798662436,1.27134494569993,1.26285122666346,1.25679071174705,1.25267506482958,1.24999187025992,1.24958402282116,1.24921130079801,1.24887083934593,1.24856000639793,1.24827640560275,1.24801784316038,1.24778232520411,1.24756803926241,1.2473733387638,1.24719672807732,1.24703684836873,1.24689246443215,1.24676245256943,1.24664579196818,1.24654154475057,1.24644886207586,1.2463669657204,1.24629514340326,1.2462327422567,1.2461791629879,1.24602575711373,1.24602607496561,1.24614233657757,1.24634781616876,1.24662302763688,1.24695337124768,1.24732765186407,1.24773709945206,1.24817472856813,1.24863488000682,1.24911290709346,1.24960494884301,1.25010776433609,1.25061861108487,1.25113514720396,1.25165536899295,1.25217755198349,1.25270020229384,1.25322203515285,1.2537419350573,1.25425893507241,1.25477220712418,1.25528103655738,1.25578481152652
28,1.21086609355548,1.24964263909511,1.27166873947414,1.28694315942964,1.29794418859128,1.28294145363628,1.27131143248279,1.26279640082661,1.25671259676415,1.2525758973796,1.24987732849408,1.24946713990682,1.24909230104639,1.24874993143751,1.2484373944485,1.24815227136765,1.24789235802241,1.24765564768387,1.247440315646,1.24724470382942,1.24706730587027,1.24690675298871,1.24676180080751,1.2466313172019,1.246514271199,1.24640972522496,1.24631681656395,1.24623476359628,1.24616284866528,1.24610041399698,1.24604685581952,1.24589424302986,1.24589623274362,1.2460147819644,1.24622298719605,1.24650123812378,1.24683484507851,1.24721254566457,1.24762551801904,1.24806673586491,1.24853050703589,1.24901215784002,1.24950780488966,1.25001418856406,1.25052855074753,1.25104853647464,1.25157213126425,1.25209760185472,1.25262344723669,1.25314837718359,1.25367126943167,1.25419116210209,1.25470721742747,1.25521872265414,1.25572506601304
29,1.21060114697195,1.24952753266051,1.27162218167492,1.28691840686136,1.29792552614852,1.28292569855034,1.27127946919614,1.26274400415806,1.25663775992919,1.25248067281383,1.24976715266576,1.24935468291368,1.2489777804485,1.248633552614,1.24831935005628,1.24803274100535,1.24777150843247,1.24753363319783,1.24731727869616,1.24712077570771,1.24694260744695,1.24678139546825,1.24663588647468,1.24650494014107,1.24638751797619,1.24628267557723,1.24618954383586,1.24610733544631,1.24603532751114,1.24597285747244,1.24591931719013,1.24576746451662,1.24577107129933,1.24589183783892,1.24610268716491,1.24638388771579,1.24672066195342,1.24710168186372,1.24751807492603,1.24796277498941,1.24843005769934,1.24891522298914,1.24941436561468,1.24992420772661,1.25044197599585,1.25096530274532,1.25149216304019,1.25202081511692,1.25254975109044,1.25307767552419,1.25360346219805,1.25412614663755,1.25464488935604,1.25515897701271,1.25566779801341
30,1.21034242956638,1.24941342172728,1.27157578177778,1.28689375986035,1.29790721329875,1.28291065870145,1.27124894679419,1.26269385393691,1.25656596244507,1.25238911149364,1.2496610384113,1.24924634404618,1.24886742816171,1.24852138652312,1.24820555750028,1.24791749677625,1.24765497490488,1.24741596068009,1.24719860605483,1.24700123094958,1.24682230844913,1.24666045072585,1.24651439576932,1.24638299528008,1.24626520344034,1.24616006919026,1.24606671718655,1.24598435457711,1.24591225335097,1.24584974628143,1.24579622096463,1.24564509775948,1.24565027040911,1.2457731858646,1.24598660549893,1.24627067145675,1.24661052295714,1.24699476779397,1.24741448397686,1.2478625663975,1.24833325919563,1.24882183655496,1.24932437189115,1.24983756957316,1.25035864145017,1.25088520748227,1.25141523258952,1.25194696678155,1.25247889554419,1.25300971844583,1.25353830550029,1.25406368979964,1.25458503027761,1.25510161311965,1.25561282699796
31,1.21008963189568,1.24930028734087,1.27152953719046,1.28686921240689,1.29788922655228,1.28289627828392,1.27121975134197,1.26264578655523,1.25649698996849,1.25230096195801,1.24955871179505,1.24914184624329,1.24876096437075,1.248413150885,1.2480957323659,1.24780625240145,1.24754246954148,1.24730234091651,1.24708400732987,1.2468857781729,1.24670611667876,1.24654362584545,1.2463970352331,1.24626518876695,1.24614703344858,1.24604160926727,1.24594804220476,1.24586552658324,1.24579333186874,1.2457307862745,1.24567727323149,1.24552685093597,1.24553353892279,1.2456585466871,1.24587446235733,1.24616131461744,1.24650415878273,1.24689153799056,1.24731448750596,1.24776585838565,1.24823986593602,1.24873175912972,1.24923759053108,1.24975404715075,1.25027832638732,1.25080803616823,1.25134113156072,1.25187585460767,1.25241068439879,1.25294431571014,1.25347561496881,1.25400361298519,1.25452746724423,1.25504646356321,1.25555999096525
32,1.20984246787334,1.24918811112393,1.27148344551841,1.28684475913084,1.29787154473714,1.28288250757499,1.27119178597415,1.26259965498757,1.25643064942136,1.2522159972904,1.24945992535183,1.24904093918208,1.24865813622961,1.24830859063389,1.24798961764253,1.24769874917454,1.24743373216566,1.24719251243825,1.24697321996681,1.24677415390386,1.24659376789197,1.24643065601105,1.24628353957431,1.24615125488681,1.24603274201021,1.24592703455172,1.24583325265957,1.24575058523483,1.24567829691203,1.24561571144715,1.24556220819925,1.24541246014178,1.24542062097043,1.2455476604955,1.24576600471695,1.24605556882199,1.24640132600561,1.24679175791453,1.24721785255774,1.24767242352627,1.24814965605653,1.24864477447306,1.24915381095273,1.24967343554969,1.25020083156414,1.25073359520412,1.25126967196122,1.2518072942992,1.25234494070849,1.25288129578788,1.25341522440562,1.25394575266238,1.25447204442878,1.2549933775405,1.25550914402061
33,1.20960067242858,1.2490768682233,1.27143750453874,1.28682039522286,1.29785414870254,1.28286930180314,1.27116496357884,1.26255532666178,1.25636676627158,1.25213401204982,1.24936445480472,1.2489433959632,1.24855871452269,1.24820747451556,1.24788698028894,1.24759475249514,1.24732852682438,1.24708623812636,1.24686600585136,1.24666611918697,1.24648502243239,1.24632130097197,1.24617366807186,1.24604095262189,1.24592208787222,1.24581610116452,1.24572210701,1.24563928899925,1.24556690701537,1.24550428046569,1.24545078472571,1.24530168594494,1.2453112772821,1.2454402939028,1.24566100305841,1.24595320878954,1.24630180385895,1.24669520972367,1.24712436797352,1.24758205565482,1.24806242847015,1.2485606866302,1.24907284236518,1.24959554915467,1.25012597653528,1.2506617092934,1.25120068360813,1.25174112442921,1.25228150436301,1.25282050350585,1.25335698349552,1.25388996837508,1.2544186209623,1.25494221875668,1.25546015433611
34,1.20936399945534,1.24896653933011,1.2713917121785,1.28679610746878,1.29783702106821,1.28285662079464,1.2711392055429,1.26251268165769,1.25630518239487,1.25205481966519,1.2492720962706,1.2488490102909,1.24846249082278,1.24810959222621,1.2477876083558,1.24749404897763,1.24722663888539,1.24698330227414,1.24676214835812,1.24656145662038,1.24637966225137,1.24621534215099,1.24606720172824,1.24593406262847,1.24581485144395,1.24570858941193,1.24561438307053,1.24553141807811,1.24545894243573,1.24539627370029,1.24534278336613,1.24519431045532,1.24520529241161,1.24533623453912,1.24555924854828,1.24585402956356,1.24620539152498,1.24660169687183,1.24703384176456,1.24749456730041,1.24797800034544,1.24847931745443,1.24899451132905,1.24952021931012,1.25005359737566,1.25059221922135,1.25113401187893,1.25167719326277,1.25222023003581,1.25276179622015,1.25330075586468,1.2538361255908,1.25436706909997,1.2548928636434,1.25541290242072
35,1.20913222000857,1.24885713154028,1.27134606649626,1.2867719092318,1.29782014015,1.28284442827269,1.27111444076183,1.26247161117524,1.25624575388083,1.25197825021154,1.24918266387267,1.24875759406332,1.24836927506171,1.24801475196611,1.24769130852456,1.24739644397742,1.24712787255272,1.24688350809261,1.24666144984899,1.24645996784766,1.24627748839323,1.24611258010186,1.24596394070592,1.24583038476878,1.24571083237098,1.24560429877698,1.24550988505574,1.24542677190225,1.2453542026632,1.24529149075898,1.24523800384524,1.24509013481963,1.24510246974194,1.24523528860619,1.24546055063081,1.24575784414508,1.24611190579031,1.24651104012532,1.24694609875074,1.24740978754142,1.2478962050474,1.24840050465601,1.24891865994301,1.24944729232209,1.24998354472915,1.2505249799501,1.25106951627861,1.25161536429393,1.2521609854143,1.25270504939,1.25324641739833,1.2537841041824,1.25431727261236,1.25484519977778,1.25536727964617
36,1.20890512071291,1.24874861367223,1.27130056566654,1.28674778859846,1.29780350303775,1.28283269139512,1.27109060469084,1.26243201622529,1.25618834957926,1.25190414843652,1.24909598769146,1.248668975304,1.24827889344486,1.24792277833912,1.24759790399399,1.24730175946612,1.24703204873208,1.2467866755679,1.24656372952333,1.24636147140212,1.24617831883515,1.24601283234583,1.24586370216181,1.24572973591907,1.2456098473257,1.24550304579882,1.24540842705134,1.24532516691641,1.24525250417975,1.24518974820814,1.24513626291327,1.24498897706237,1.24500262935693,1.24513727877718,1.2453647349598,1.24566448145755,1.24602117906614,1.2464230755462,1.24686097876972,1.24732756004846,1.24781689015172,1.2483240997463,1.24884514366386,1.24937662777391,1.24991568080916,1.25045985904266,1.25100706806774,1.2515555129539,1.25210364979631,1.25265014431497,1.25319385494863,1.25373379468052,1.25426912565579,1.25479912487037,1.2553231869497
37,1.20868250235376,1.24864096988321,1.27125520796659,1.28672373651304,1.29778709082969,1.28282138034758,1.27106763852676,1.26239380650582,1.25613284959375,1.25183237242672,1.24901191199844,1.24858299637859,1.24819118665291,1.24783351054133,1.24750723265737,1.24720983219888,1.24693900318976,1.24669263961281,1.24646882156334,1.2462658008471,1.24608198662333,1.24591593150466,1.24576631837787,1.245631948099,1.24551172813645,1.2454046621796,1.24530984069315,1.24522643237321,1.24515367864996,1.24509087779937,1.24503739243349,1.24489067026479,1.244905606205,1.24504204238499,1.24527164161461,1.24557378459485,1.24593305766148,1.24633765280934,1.24677833497528,1.24724774153767,1.24773991599693,1.24824996672703,1.24877383017822,1.24930809700474,1.24984988335463,1.250396735168,1.250946549628,1.25149752513053,1.25204811261695,1.25259697392647,1.25314296488655,1.25368509682778,1.25422252877355,1.25475454515056,1.2552805339266
38,1.20846417862636,1.24853418477655,1.27120999176501,1.28669976153083,1.29777089143964,1.28281046799259,1.27104548867214,1.26235689943275,1.25607914405211,1.25176279163347,1.24893029372683,1.24849951245073,1.24810600828469,1.24774680079257,1.24741914552405,1.24712051212724,1.24684858495796,1.24660124846574,1.24637657352767,1.24617280316511,1.24598833825844,1.24582172368319,1.2456716351416,1.2455368668505,1.24541632016531,1.24530899316188,1.24521397115969,1.2451304181448,1.24505757127346,1.24499472481001,1.24494123780136,1.24479506089557,1.24481124850845,1.24494942985269,1.24518112355484,1.2454856093016,1.2458474002918,1.24625463374069,1.24669803240808,1.24717020034111,1.24766515426075,1.24817798065767,1.24870459795093,1.24924158188078,1.24978603627709,1.25033549698166,1.25088785297606,1.25144129616601,1.25199427250076,1.25254544008153,1.25309365224355,1.25363791876835,1.25417739806924,1.25471137476581,1.25523923753791
39,1.20824997502165,1.24842824338402,1.27116491551203,1.28667585536972,1.29775489356776,1.28279992956706,1.27102410608907,1.26232121930107,1.2560271320333,1.25169528610037,1.24885100111851,1.24841839010846,1.24802322350354,1.24766251297264,1.24733350534684,1.24703366101901,1.2467606549481,1.24651236229843,1.2462868449543,1.24608233735672,1.24589723229132,1.24573006706245,1.24557951033715,1.24544434982756,1.24532348089721,1.24521589611754,1.24512067576125,1.24503697919327,1.2449640393758,1.24490114663528,1.24484765651903,1.24470200745473,1.24471941637964,1.24485930332835,1.24509304527628,1.24539982265209,1.24576407678261,1.24617389104651,1.24661994675188,1.24709481519087,1.24759248677385,1.2481080265003,1.24863733509274,1.24917697366762,1.24972403399125,1.25027604203186,1.25083087874412,1.2513867297646,1.25194203618482,1.25249545250152,1.25304582967531,1.25359217602387,1.25413364945906,1.25466953483356,1.25519922159299
40,1.20803972783135,1.24832313114912,1.27111997773108,1.28665201559356,1.29773908699032,1.28278974242067,1.27100344581854,1.26228669653146,1.25597672063428,1.25162974522775,1.24877391267737,1.24833950633687,1.24794270785604,1.24758052143117,1.24725018542427,1.24694915125367,1.2466750847404,1.24642585200054,1.24619950614102,1.24599427321753,1.24580853809701,1.24564083067134,1.24548981271527,1.24535426556487,1.24523307870765,1.24512523931507,1.24502982270724,1.24494598371303,1.24487295117708,1.24481001155846,1.24475651696757,1.24461137926926,1.24462998060694,1.24477153549322,1.24500728163747,1.24531630189715,1.24568296693768,1.24609530720409,1.24654396324741,1.24702147415699,1.24752180448194,1.24803999810661,1.24857193837797,1.24911417206709,1.24966377911868,1.25021827584694,1.25077553541936,1.25133373728093,1.25189131613656,1.25244692815607,1.25299941688589,1.25354779100923,1.25409120796879,1.25462895292982,1.25516041614902
41,1.20783328325706,1.24821883391135,1.27107517701145,1.28662823584352,1.29772346218172,1.28277988578865,1.27098346655192,1.26225326714223,1.25592782415434,1.25156606683579,1.24869891594607,1.24826274723945,1.24786434622186,1.24750070994527,1.2471690685512,1.24686686476712,1.24659175552359,1.24634159811498,1.24611443707694,1.24590849026657,1.24572213480064,1.24555389331051,1.24540242081548,1.2452664923988,1.24514499178293,1.24503690083937,1.24494129002591,1.24485730971679,1.24478418237457,1.24472119767193,1.24466769732903,1.24452305536013,1.24454282162524,1.24468600851371,1.24492371681967,1.24523493345376,1.24560395954759,1.24601877348996,1.24646997574098,1.2469500737168,1.24745300653653,1.24797379733042,1.24850831237807,1.24905308437236,1.24960518167579,1.25016211114699,1.25072173832822,1.25128223667936,1.25184203633851,1.25239979017845,1.25295433952726,1.25350469181806,1.25405000411466,1.25458956194028,1.2551227564052
42,1.20763049661048,1.24811533789116,1.27103051200203,1.28660452235905,1.29770801031983,1.28277034059393,1.27096413025561,1.26222087200851,1.25588036337973,1.25150415634045,1.24862590679507,1.24818800734366,1.24778803197567,1.24742297078668,1.24709004609676,1.24678669212434,1.24651055716286,1.24625948990192,1.24603152650332,1.2458248768043,1.2456379103331,1.24546914260616,1.24531722201856,1.24518091751885,1.24505910717088,1.2449507676421,1.24485496461447,1.24477084408581,1.24469762451183,1.2446345919286,1.24458108463868,1.24443692355857,1.244457828529,1.24460261313967,1.24484224108151,1.24515561200697,1.24552695151819,1.24594418912579,1.24639788584826,1.24688051793716,1.24738599949583,1.24790933324735,1.24844636870019,1.2489936247264,1.24954815832871,1.25010746711326,1.25066940917172,1.2512321521335,1.25179412170432,1.25235396757912,1.25291052896683,1.25346281213222,1.25400997382897,1.25455129999064,1.25508618262082
43,1.2074312315938,1.24801262967576,1.27098597623477,1.28658086907023,1.29769272321826,1.2827610892741,1.27094540184192,1.26218945651653,1.25583426495426,1.25144392602609,1.24855478856761,1.24811518873617,1.24771366606142,1.24734720399021,1.2470130171744,1.24670853170144,1.24643138737803,1.24617942451354,1.24595067108516,1.24574332908185,1.24555576059825,1.24538647417565,1.2452341117108,1.24509743613095,1.24497531994349,1.24486673470391,1.24477074140138,1.24468648173229,1.24461317021339,1.24455008930515,1.244496573949,1.24435287965389,1.2443748983044,1.24452124786587,1.24476275941507,1.2450782397722,1.24545184709054,1.24587146052525,1.24632760221707,1.24681271775343,1.2473206966202,1.24784652146704,1.24838602531629,1.24893571346625,1.24949263177706,1.25005426879326,1.25061847532521,1.25118341332028,1.25174750418174,1.25230939453872,1.25286791985684,1.25342209047177,1.2539710577314,1.25451410974895,1.25505063945854
44,1.20723535965054,1.24791069620555,1.27094157862529,1.28655727422538,1.29767759326424,1.28275211562961,1.27092724887979,1.26215897008878,1.25578946082385,1.25138529440282,1.2484854713881,1.24804420036357,1.24764115638362,1.24727331650631,1.24693788799928,1.24663228894662,1.24635415101653,1.24610130626384,1.24587177467857,1.24566375056606,1.24547558873615,1.24530579088921,1.24515299254461,1.24501595071724,1.24489353245617,1.24478470429336,1.24468852260505,1.24460412485826,1.24453072169595,1.24446759206166,1.24441406758994,1.24427082665973,1.24429393507855,1.24444181823872,1.24468517664756,1.24500272572253,1.24537855721424,1.24580050061629,1.24625903985037,1.24674659033193,1.24725701724934,1.24778528352511,1.24832720596996,1.24887927654652,1.24943853018115,1.25000244654062,1.25056886931689,1.25113595491787,1.25170212056907,1.25226600994109,1.25282645655228,1.25338246977165,1.25393320071549,1.25447793557631,1.25501607558154
45,1.20704275937882,1.24780952476133,1.27089731297587,1.28653373620247,1.29766261336848,1.28274340469021,1.2709096413396,1.26212936580384,1.25574588774486,1.25132818563645,1.24841787154771,1.24797495740987,1.24757041714625,1.24720122167474,1.24686457111637,1.24655787581068,1.24627875939442,1.24602504598099,1.24579474768066,1.24558605128741,1.24539730446934,1.24522700221494,1.24507377378247,1.24493637037922,1.24481365369031,1.24470458530926,1.24460821707612,1.24452368229787,1.24445018780636,1.24438700679778,1.24433347451254,1.24419067416368,1.24421484947904,1.24436423621238,1.24460940627121,1.24492898503847,1.24530699885076,1.24573122830374,1.24619211965299,1.24668205850451,1.2471948862499,1.24772554634408,1.2482698396507,1.24882424502626,1.24938578666446,1.24995193553148,1.25052052835759,1.25108971614845,1.25165791207151,1.25222375694167,1.25278608241789,1.2533438969742,1.25389635155377,1.25444273288036,1.2549824432832
46,1.20685331599989,1.24770910295197,1.27085317812445,1.28651025349656,1.29764777691683,1.28273494259714,1.27089255136752,1.26210060005971,1.25570348684772,1.25127252904189,1.24835191095615,1.24790738074273,1.24750136829415,1.24713083862621,1.24679298494112,1.24648521004923,1.24620512978666,1.24595056041855,1.24571950645114,1.2455101472599,1.24532082352127,1.24515002363602,1.24499637071321,1.24485861025335,1.24473559866844,1.24462629269546,1.24452973971215,1.24444506893219,1.24437148343666,1.24430825298694,1.24425470970483,1.24411233774736,1.24413755806046,1.24428841958429,1.24453536752191,1.24485693853998,1.24523709451318,1.24566356785058,1.24612676766723,1.24661905026571,1.24713423352432,1.247667241754,1.24821386012648,1.2487705546135,1.24933433887019,1.24990267533283,1.25047339392106,1.25104464037021,1.25161482390483,1.25218258258279,1.25274674628774,1.25330632266718,1.25386046254675,1.25440845322341,1.25494969815786
47,1.20666692087563,1.24760941870277,1.27080917294674,1.28648682470851,1.29763307772844,1.28272671649886,1.27087595306943,1.26207263227365,1.25566220320042,1.25121825863174,1.2482875166529,1.24784139641955,1.24743393501487,1.24706209178049,1.24672305321852,1.24641421481705,1.2461331848036,1.24587777179825,1.24564597278535,1.24543595996352,1.2452460670974,1.24507477613076,1.24492070413123,1.24478259098964,1.24465928793239,1.24454974691881,1.24445301093549,1.24436820516712,1.24429452900215,1.24423124881979,1.24417769367069,1.24403573846902,1.2440619827926,1.24421429148964,1.24446298488491,1.244786512199,1.24516877175089,1.24559744847926,1.24606291486418,1.24655749832434,1.24707499357292,1.24761030606508,1.24815920552699,1.24871814525936,1.24928412856597,1.24985460951795,1.25042741136991,1.25100067471397,1.25157280494245,1.25214243745097,1.25270840042845,1.25326970076127,1.25382548921048,1.25437505368585,1.25491779880752
48,1.20648346930533,1.24751046024431,1.2707652963532,1.28646344853518,1.29761851001855,1.28271871445841,1.27085982239228,1.26204542461553,1.25562198567513,1.25116531271304,1.24822462037022,1.24777693524592,1.2473680472929,1.24699491039718,1.24665470457063,1.24634481817821,1.24606285202359,1.24580660725177,1.2455740735022,1.24536341586984,1.24517296142117,1.24500118570758,1.24484669987069,1.24470823828528,1.24458464707652,1.24447487350211,1.24437795622618,1.24429301646638,1.24421924997458,1.24415591979861,1.24410235196368,1.24396080240077,1.24398805060279,1.24414177995035,1.2443921876507,1.24471763670336,1.24510196277445,1.24553280392728,1.24600049658356,1.2464973397026,1.24701710510241,1.2475546796858,1.24810581797133,1.24866696079518,1.24923510129066,1.2498076853228,1.25038252962159,1.2509577697585,1.25153180740015,1.25210327537095,1.25267100024239,1.25323398820228,1.25379138999746,1.25434249418812,1.25488670657996
49,1.20630286712707,1.24741221610186,1.27072154728641,1.28644012376059,1.29760406836509,1.28271092537119,1.27084413690331,1.26201894176942,1.25558278627876,1.25111363352616,1.24816315814159,1.24771393237982,1.24730363951039,1.24692922817322,1.2465878720917,1.24627695269899,1.24599406355296,1.24573699848699,1.24550373994785,1.24529244607945,1.24510143730844,1.24492918297197,1.24477428838796,1.24463548246656,1.24451160632924,1.24440160260549,1.24430450570317,1.24421943293271,1.24414557646353,1.24408219606102,1.24402861476911,1.24388746021351,1.24391569296549,1.24407081513953,1.24432290951678,1.24465024706467,1.24503660398119,1.24546957212024,1.24593945230514,1.24643851535757,1.24696051064424,1.24750030673422,1.24805364323436,1.24861694860764,1.24918720603811,1.24976185333831,1.25033870084929,1.25091587923995,1.25149178655388,1.25206505313186,1.25263450400207,1.25319914471356,1.25375812604709,1.2543107372488,1.2548563853346
50,1.20612501993574,1.2473146750852,1.27067792471876,1.28641684924815,1.29758974767884,1.28270333889144,1.27082887562521,1.26199315072014,1.25554456015015,1.25106316692065,1.24810306995005,1.24765232697623,1.24724065008833,1.24686498288127,1.24652249298383,1.24621055508167,1.24592675565832,1.24566888139405,1.2454349076854,1.24522298585814,1.24503142983701,1.244858702825,1.24470340437378,1.24456425811309,1.24444010017695,1.24432986865007,1.24423259374795,1.24414738893161,1.24407344284021,1.24401001200403,1.24395641428035,1.24381564680409,1.24384484553341,1.24400133831158,1.24425508822967,1.24458428227151,1.24497263568469,1.24540769473377,1.24587972511917,1.24638096994693,1.24690515638157,1.24744713494457,1.24800263042219,1.24856805931418,1.24914039493208,1.24971706718517,1.25029588015658,1.25087495972767,1.25145270041811,1.25202773016975,1.2525988726118,1.25316513256504,1.25372566096176,1.25427974776785,1.25482680123247
51,1.20594983963795,1.24721782627894,1.2706344194414,1.28639362393367,1.2975755431766,1.28269594536666,1.27081401899399,1.26196802056169,1.25550726522764,1.25101386206368,1.2480442994116,1.247592061867,1.24717902116342,1.24680211604388,1.24645850822909,1.2461455658347,1.24586086843518,1.24560219570987,1.24536751614469,1.24515497437371,1.24496287793435,1.2447896839989,1.24463398647218,1.24449450371001,1.24437006702529,1.24425960997905,1.2441621586656,1.24407682275233,1.24400278739864,1.24393930594543,1.24388569332772,1.2437453009593,1.24377544780532,1.24393328757794,1.24418866526334,1.24451968496506,1.24491000177835,1.24534711697411,1.24582126158961,1.24632465138221,1.24685099161403,1.24739511501067,1.24795273181895,1.24852024665362,1.24909462316313,1.24967328231929,1.25025402560414,1.25083497068966,1.25141450984336,1.25199126868843,1.25256406936624,1.25313191632231,1.25369396053996,1.25424949283173,1.25479792019096
52,1.2057772424382,1.24712165903326,1.27059104658977,1.28637044681911,1.29756145035697,1.28268873577874,1.27079954869418,1.26194352232498,1.25547086202757,1.25096567113777,1.2479867934896,1.2475330832722,1.24711869829667,1.24674057263966,1.24639586229341,1.24608192897458,1.24579634550807,1.24553688471937,1.24530150831833,1.24508835436967,1.24489572413425,1.24472206885373,1.24456597687628,1.24442616138507,1.24430144888671,1.24419076854157,1.24409314237871,1.24400767630189,1.24393355204977,1.24387001981804,1.2438163916596,1.24367636505262,1.24370744282612,1.24386660684627,1.24412358552696,1.24445640115947,1.24484864945814,1.24528778727646,1.24576400982118,1.24626951069443,1.24679796870839,1.24734420064945,1.24790390243374,1.24847346697216,1.24904984840863,1.24963046008933,1.2502130975004,1.25079587372867,1.251377177708,1.25195563123157,1.25253005987924,1.25309946285178,1.25366299288577,1.25421994147954,1.25476971711248
53,1.20560714855853,1.24702616295504,1.27054779730782,1.28634731696704,1.29754746497853,1.28268170169112,1.27078544756188,1.26191962882269,1.25543531343656,1.25091854927999,1.24793050223665,1.24747534053908,1.24705963020977,1.24668030083748,1.24633450285891,1.24601959175669,1.24573313376011,1.24547289498286,1.2452368304888,1.24502307189152,1.24482991428254,1.24465580306965,1.24449932113174,1.244359176558,1.24423419113431,1.2441232896626,1.24402549014391,1.2439398948231,1.24386568203715,1.24380209888243,1.24374845458337,1.24360878476999,1.24364077691563,1.24380124325168,1.2440597971029,1.24439437998185,1.24478852896869,1.24522965705744,1.24570792565857,1.24621550175463,1.24674604279814,1.24729434826996,1.24785609995787,1.24842767924452,1.24900603092298,1.24958856084871,1.25017305862982,1.2507576328715,1.2513406692649,1.25192078742735,1.25249681169968,1.25306774082326,1.25363272775207,1.25419106483657,1.25474216167563
54,1.20543948198088,1.24693132789937,1.27050467066791,1.28632423349559,1.2975335830401,1.28267483520126,1.27077169949428,1.26189631450901,1.25540058453199,1.2508724540643,1.24787537856074,1.24741878590561,1.24700176854644,1.24662125175574,1.2462743805814,1.24595850443121,1.24567118308751,1.24541017608956,1.24517343198094,1.24495907603858,1.24476539728831,1.2445908353978,1.24443396786121,1.24429349774999,1.24416824219799,1.24405712171066,1.24395915033358,1.24387342666792,1.24379912572134,1.24373549152601,1.24368183048561,1.24354250886116,1.24357539942272,1.2437371469144,1.24399725100789,1.24433357343798,1.24472959337384,1.24517268049062,1.24565296282061,1.24616258106006,1.2466951715755,1.24724551677141,1.24780928450358,1.24838284479661,1.24896313324162,1.24954754833408,1.25013387391932,1.2507202142204,1.25130495177094,1.25188670408459,1.2524642943307,1.25303672083123,1.25360313680039,1.25416283538743,1.25471522753873
55,1.20527417021017,1.24683714396145,1.27046166576353,1.2863011955739,1.29751979257787,1.28266811969959,1.27075828936623,1.26187355535292,1.25536664241471,1.25082734554233,1.24782137801309,1.24736337428597,1.24694506765568,1.24656337924382,1.24621544887024,1.24589862002155,1.24561044617686,1.2453486804338,1.24511126493736,1.24489631873858,1.244702124898,1.24452711743392,1.24436986853768,1.24422907633689,1.24410355337994,1.24399221593623,1.24389407414662,1.24380822302695,1.24373383429031,1.24367014894804,1.24361647063443,1.24347748890295,1.24351126250215,1.24367427071966,1.24393590097659,1.24427393619983,1.24467179834845,1.24511681430268,1.2455990791221,1.24611070753993,1.2466453151021,1.24719766735921,1.24776341842549,1.24833892713272,1.24892112001466,1.24950738833351,1.25009551028224,1.2506835857988,1.25126999434358,1.25185335139504,1.25243247899677,1.25300637511653,1.25357419325635,1.25413522742998,1.2546888898858
56,1.20511114405573,1.24674360146877,1.27041878170802,1.28627820241814,1.29750610614205,1.28266156628691,1.27074520295466,1.26185132872321,1.25533345605818,1.25078318599727,1.24776845859526,1.24730906307543,1.24688948439486,1.24650663968343,1.24615766368811,1.24583989412285,1.24555087830246,1.24528836301147,1.24505028411406,1.24483475454264,1.24464005148976,1.24446460341233,1.24430697727825,1.24416586634286,1.24404007863368,1.2439285262415,1.24383021545761,1.24374423775724,1.24366976160282,1.2436060250237,1.24355232892009,1.24341367914479,1.24344832091148,1.24361257011752,1.2438757032647,1.24421542541226,1.24461510198885,1.24506201758799,1.24554623468991,1.24605984237843,1.24659643563663,1.24715076337716,1.24771846615764,1.24829589177744,1.24887995785309,1.24946804853647,1.25005793647586,1.25064771741773,1.25123576782662,1.25182070121705,1.25240133856772,1.25297667590574,1.25354587192637,1.25410821666578,1.25466312531276
57,1.2049503374299,1.24665069097368,1.27037601763341,1.28625525328775,1.29749251241039,1.28265515955335,1.27073242687013,1.26182961328413,1.25530099617126,1.25073993977791,1.24771658058345,1.24725581197267,1.24683497795014,1.24645099180752,1.2461009833687,1.24578228471845,1.24549243714177,1.24522918123452,1.24499044669417,1.24477434043847,1.24457913388624,1.24440325001827,1.24424525065601,1.24410382425194,1.24397777437535,1.24386600899528,1.24376753060381,1.2436814271819,1.24360686398293,1.24354307609202,1.24348936170947,1.24335103623039,1.24338653182608,1.24355200294048,1.24381661646949,1.24415800051689,1.24455946464029,1.24500825163968,1.24549439179777,1.24600994885361,1.24654849747762,1.24710477015433,1.2476743940644,1.24825370613058,1.24883961518834,1.24942949835516,1.2500211229688,1.25061258054497,1.25120224467459,1.25178872697198,1.25237084740569,1.25294760171756,1.25351814899344,1.25408178015143,1.25463791172386
58,1.20479168716171,1.24655839924115,1.27033337268943,1.28623234748216,1.29747900817934,1.28264889334212,1.27071994849457,1.26180838890045,1.25526923507326,1.25069757315451,1.24766570636825,1.2472035828177,1.24678150967287,1.24639639653522,1.24604536845025,1.24572575201241,1.24543508260701,1.24517109476178,1.24493171211807,1.24471503567977,1.24451933118343,1.24434301621642,1.24418464752842,1.24404290883646,1.24391659931232,1.24380462285815,1.2437059782163,1.24361974991814,1.24354510004845,1.24348126078472,1.24342752766057,1.24328951910714,1.24332585467018,1.24349252923695,1.24375860136611,1.24410162309133,1.24450484873934,1.24495547979544,1.24544351471565,1.24596099219015,1.24650146681991,1.24705965486521,1.24763117030438,1.24821233933495,1.2488000621333,1.24939170899511,1.24998504178083,1.25057814819043,1.25116939883094,1.25175740351984,1.25234098126754,1.25291912757256,1.25349100194274,1.25405589620102,1.2546132282373
59,1.20463513282461,1.24646672515789,1.27029083793332,1.28620948433774,1.29746559041084,1.28264275298281,1.27070775592465,1.26178763655096,1.25523814657992,1.25065605418496,1.24761580030819,1.24715233944371,1.2467290429299,1.24634281682083,1.2459907815235,1.24567025827637,1.24537877669111,1.24511406534416,1.244874041928,1.24465680163042,1.24446060459441,1.24428386309422,1.24412512888026,1.24398308099953,1.24385651428531,1.24374432862602,1.24364551906237,1.24355916671956,1.24348443055299,1.2434205398681,1.24336678756406,1.24322908883096,1.24326625096254,1.24343411111906,1.24370162075783,1.24404625670228,1.24445121866992,1.2449036672966,1.24539356957197,1.24591293942494,1.24645531162347,1.24701538640186,1.24758876470594,1.2481717621528,1.2487612704117,1.24935465300275,1.24994966655167,1.25054439475534,1.25113720562563,1.25172670706173,1.25231171720669,1.25289123135601,1.25346440946968,1.25403054429721,1.25458905509926
60,1.20448061657687,1.24637565600749,1.27024842850797,1.28618666322504,1.29745225622113,1.2826367504424,1.2706958379202,1.26176733824953,1.25520770589922,1.25061535259199,1.24756682859574,1.24710204754148,1.24667754296662,1.24629021751568,1.24593718709242,1.24561576770939,1.2453234833268,1.24505805668306,1.24481739962581,1.24459960162165,1.24440291730616,1.24422575371842,1.24406665767997,1.2439243036313,1.24379748212449,1.24368508908599,1.24358611590148,1.24349964033215,1.24342481824222,1.2433608760996,1.24330710420031,1.24316970844036,1.24320768417499,1.24337671262322,1.24364563933904,1.24399186677094,1.24439854063146,1.24485278115908,1.24534452422744,1.24586575928388,1.2464100014933,1.24697193525693,1.24754714865267,1.24813194686633,1.24872321316809,1.24931830442675,1.24991497212367,1.25051129611858,1.25110564164796,1.25169661499612,1.25228303348346,1.25286389211931,1.25343835139586,1.2540057050099,1.25456537360528
61,1.20432808301353,1.24628518317304,1.27020613575575,1.28616388354637,1.29743900287035,1.28263087206685,1.27068418385713,1.26174747694129,1.25517788953595,1.25057543965078,1.24751875913445,1.24705267453513,1.2466269767814,1.24623856524141,1.24588455144659,1.24556224630949,1.24526916825734,1.24500303430042,1.24476175054254,1.24454340082122,1.24434623434832,1.24416865300345,1.24400919874773,1.24386654147685,1.2437394675174,1.24362686888405,1.24352773335289,1.24344113536206,1.24336622772165,1.24330223409561,1.2432484422073,1.24311134281096,1.24315011959305,1.24332029958236,1.24359062356944,1.24393841824445,1.24434678251794,1.2448027900551,1.2452963481595,1.24581942206904,1.24636550756936,1.24692927341619,1.2475062949819,1.24809286715554,1.24868586493489,1.24928263864329,1.24988093470797,1.25047882922564,1.25107468480335,1.2516671060676,1.25225490944801,1.25283708994813,1.25341280859213,1.25398135992188,1.2545421660283
62,1.20417747902893,1.24619529822949,1.27016395888828,1.28614114473342,1.29742582129494,1.28262511285687,1.27067278368437,1.26172803091415,1.25514867520434,1.25053628808568,1.2474715614262,1.24700418946798,1.24657731301036,1.24618782827375,1.24583284254393,1.24550966175561,1.24521579891783,1.24494896541949,1.24470706171862,1.24448816611316,1.24429052247255,1.24411252759058,1.2439527186344,1.24380976101495,1.24368243688745,1.24356963440369,1.24347033777422,1.24338361815402,1.2433086253351,1.2432445802101,1.24319076795901,1.24305395855952,1.24309352424257,1.2432648395043,1.24353654154713,1.2438858842818,1.24429591380694,1.24475366420456,1.24524901235615,1.24577389955503,1.24632180242545,1.24688737426083,1.24746617788329,1.24805449802253,1.24864920152163,1.24924763226059,1.24984753170391,1.25044697226247,1.25104431397986,1.25163815987987,1.25222732562529,1.25281080612946,1.25338776287691,1.25395749151677,1.25451941549305
63,1.20402875368893,1.24610599293782,1.27012188795954,1.28611844624529,1.29741272177727,1.28261946825163,1.27066162788442,1.26170899601367,1.25512004174783,1.2504978719756,1.24742520643826,1.24695656289769,1.24652852182133,1.24613797643552,1.24578202990303,1.24545798329909,1.24516334432611,1.24489581885514,1.24465330179372,1.24443386598724,1.24423575004175,1.24405734573677,1.24389718551019,1.24375393034654,1.24362635828236,1.2435133536541,1.24341389714965,1.24332705667961,1.24325197905295,1.24318788242283,1.24313404945519,1.24299752389383,1.24303786669662,1.24321030148223,1.24348336295297,1.24383423298339,1.24424590545752,1.24470537527515,1.24520248921833,1.24572916489374,1.24627885997653,1.24684621247561,1.24742677281585,1.24801681569953,1.24861319993009,1.24921326304522,1.24981474163404,1.2504157044973,1.25101450917925,1.25160975715459,1.25220026336275,1.25278502266102,1.2533631970944,1.25393408331588,1.25449710618531
64,1.20388185811198,1.24601725923942,1.27007994027702,1.2860957875665,1.29739969565104,1.28261393383803,1.27065070743727,1.26169035220908,1.25509196906527,1.25046016666656,1.2473796666359,1.24690976679971,1.24648057481637,1.24608898099818,1.24573208450382,1.24540718166384,1.24511177498221,1.24484356491283,1.24460044090533,1.24438047043717,1.24418188692788,1.24400307721232,1.24384256906205,1.24369901909201,1.24357120127132,1.24345799616729,1.24335838098699,1.24327142043432,1.24319625836943,1.24313211023679,1.24307825621617,1.24294200854417,1.24298311704617,1.24315665606427,1.2434310588688,1.24378343603951,1.24419672981621,1.24465789629037,1.24515675247007,1.2456851925266,1.24623665539282,1.24680576396675,1.24738805642464,1.24797979757015,1.24857783827947,1.24917950984594,1.24978254406853,1.25038500621149,1.25098525138199,1.25158187955768,1.2521737049966,1.25275972253366,1.25333909479946,1.25391111946765,1.25447522282376
65,1.20373674535829,1.24592908925072,1.27003810618998,1.2860731682053,1.29738674066509,1.28260850560962,1.27064001378726,1.26167208572145,1.25506443804307,1.25042314869148,1.24733491568202,1.24686377445225,1.24643344252504,1.24604081459114,1.24568297869616,1.24535722895411,1.24506106277571,1.24479217529547,1.24454845059522,1.24432795086672,1.2441289044178,1.24394969320646,1.24378884039912,1.24364499829649,1.24351693685012,1.24340353290325,1.24330376022274,1.2432166803426,1.24314143420732,1.24307723458286,1.24302335919004,1.24288738365718,1.24292924678198,1.2431038751855,1.24337960175031,1.2437334665077,1.24414836051497,1.24461120154477,1.24511177707561,1.24564195810375,1.24619516502132,1.24676600578468,1.24735000646644,1.24794342209718,1.24854309573534,1.24914635252548,1.2497509195594,1.25035485863645,1.25095652248749,1.25155450964365,1.25214763372267,1.25273488956913,1.25331544042245,1.25388858499335,1.25445375100197
66,1.20359337032652,1.24584147525796,1.26999638496103,1.2860505876921,1.2973738546719,1.28260317954316,1.27062953881246,1.2616541834542,1.25503743049262,1.25038679569606,1.24729092851514,1.24681856046795,1.24638710399034,1.24599345111784,1.24563468611531,1.24530809856957,1.24501118090022,1.24474162301752,1.24449730372306,1.24427628000303,1.24407677512638,1.24389716624018,1.24373597196542,1.24359184034236,1.24346353735362,1.24334993616224,1.24325000713449,1.24316280867022,1.24308747883069,1.24302322773263,1.24296933066457,1.24283362170947,1.24287622870797,1.24305193207604,1.24332896532553,1.24368429864887,1.24410077245888,1.24456526650688,1.24506753916296,1.2455994384094,1.24615436631289,1.24672691605322,1.24731260174071,1.24790766875539,1.24850895244464,1.2491137718974,1.24971984957903,1.25032524389375,1.25092830525498,1.25152763079644,1.25212203353505,1.2527105083563,1.25329221913085,1.25386646562199,1.25443267699285
67,1.20345168965729,1.24575440971222,1.2699547758642,1.28602804557793,1.29736103562139,1.28259795193285,1.27061927479674,1.26163663294981,1.25501092909256,1.25035108637024,1.24724768122845,1.24677410052894,1.24634153216384,1.24594686567846,1.24558718160394,1.24525976512662,1.24496210377425,1.24469188232537,1.2444469743866,1.24422543181651,1.24402547291606,1.24384547008569,1.24368393745904,1.24353951886839,1.24341097637481,1.24329717950385,1.24319709525977,1.2431097789432,1.24303436576366,1.24297006321728,1.24291614418614,1.24278069642732,1.24282403686351,1.24300080118292,1.24327912451795,1.24363590791381,1.24405394163879,1.24452006784048,1.24502401595321,1.24555761129283,1.24611423775505,1.24668847390408,1.24727582202596,1.24787251796963,1.24847538947552,1.24908174966768,1.24968931646376,1.25029614494068,1.25090058325167,1.25150122718061,1.25209688918195,1.25268656421213,1.25326941679466,1.25384474776016,1.25441198772259
68,1.20331165655421,1.24566788522464,1.26991327818446,1.28600553256326,1.297348281555,1.28259281925055,1.2706092144038,1.26161941338698,1.25498491733545,1.250316000385,1.24720515100056,1.24673037145838,1.24629670360275,1.24590103448019,1.24554044113987,1.24521220438568,1.24491380696807,1.24464292862388,1.24439743784778,1.24417538144663,1.24397497282251,1.2437945796918,1.24363271175745,1.24348800869492,1.24335922868984,1.24324523767194,1.24314499932114,1.24305756587279,1.24298206971548,1.24291771575256,1.24286377448497,1.24272858271254,1.24277264644986,1.24295045809764,1.24323005537526,1.24358827085518,1.24400784514878,1.24447558315049,1.24498118569505,1.24551645560461,1.24607475880976,1.24665065941636,1.2472396480208,1.24783795105757,1.24844238876171,1.24905026838086,1.24965930336167,1.25026754551975,1.25087334080383,1.25147528369417,1.2520721846672,1.25266304313714,1.25324701994336,1.25382341845045,1.25439167073054
69,1.20317324090004,1.24558189456173,1.26987189121733,1.28598306572266,1.29733559060041,1.28258777814014,1.27059935065338,1.26160253113805,1.2549593794784,1.25028151833364,1.24716331603129,1.2466873511144,1.24625259583013,1.24585593484971,1.24549444174752,1.24516539318376,1.24486626713586,1.24459473840817,1.24434867046425,1.24412610513324,1.24392525098563,1.24374447111484,1.24358227084827,1.24343728575445,1.24330827018858,1.24319408652521,1.24309369515658,1.24300614528595,1.24293056651096,1.24286616116937,1.24281219740557,1.24267725657353,1.24272203376203,1.24290087948897,1.24318173500336,1.24354136506279,1.24396246109749,1.24443179110801,1.24493902760424,1.24547595113743,1.24603590985579,1.24661345356035,1.24720406128936,1.24780395017665,1.24840993305102,1.24901931137005,1.24962979418407,1.25023943011173,1.25084656295138,1.25144978592448,1.25204790901054,1.25263993177421,1.25322501572606,1.25380246533297,1.25437171413203
70,1.20303639910695,1.24549643064097,1.26983061426845,1.28596063604199,1.29732296096651,1.28258282540861,1.27058967689911,1.26158596672552,1.25493430049743,1.25024762167754,1.24712215548214,1.24664501832988,1.24620918737984,1.24581154504029,1.24544916153049,1.24511930937196,1.24481946195283,1.24454728920039,1.24430064962585,1.24407758015276,1.24387628458564,1.24369512145446,1.24353259176496,1.24338732702729,1.2432580778102,1.24314370297266,1.24304315965503,1.24295549406083,1.24287983302601,1.24281537634923,1.24276138984244,1.24262669506129,1.24267217612552,1.24285204304071,1.24313414150515,1.24349516910358,1.24391776855024,1.24438867129925,1.24489752180737,1.24543607857125,1.24599767213529,1.24657683814558,1.24716904421065,1.24777049827489,1.24837800585762,1.24898886271054,1.24960077356061,1.25021178389209,1.25082023540564,1.25142472010748,1.25202404751511,1.25261721737042,1.25320339187467,1.25378187660974,1.25435210658404
71,1.20290109393787,1.24541148652648,1.26978944665324,1.28593824314256,1.29731039093874,1.28257795801665,1.27058018680819,1.26156970987746,1.25490966601165,1.25021429269572,1.24708164942097,1.24660335285692,1.2461664577271,1.24576784427351,1.24540457945643,1.24507393174224,1.24477337005679,1.24450055949099,1.24425335369564,1.244029784759,1.24382805178367,1.24364650879418,1.24348365252713,1.24333811048181,1.2432086294833,1.24309406491371,1.24299337069644,1.24290559006681,1.24282984712768,1.24276533916449,1.24271132968015,1.24257687621005,1.24262305183764,1.24280392739375,1.24308725392363,1.24344966246577,1.24387374745241,1.24434620419076,1.24485664928963,1.24539681942244,1.24596002770418,1.24654079577247,1.24713457993165,1.24773757904524,1.24834659141763,1.24895890717684,1.24957222679753,1.2501845926906,1.25079434451025,1.25140007308979,1.2520005875186,1.25259488774165,1.25318213666967,1.25376164101164,1.25433283725322
72,1.20276728950086,1.24532705542489,1.26974838769653,1.28591588666057,1.29729787887486,1.28257317306943,1.27057087434245,1.26155375078895,1.25488546238972,1.25018151443798,1.24704177877067,1.24656233531287,1.2461243872196,1.24572481265738,1.24536067542189,1.24502924004012,1.24472797097721,1.2444545286841,1.24420676195502,1.2439826981281,1.24378053166647,1.2435986121459,1.24343543208511,1.24328961501884,1.24315990407031,1.24304515118254,1.24294430709605,1.24285641210885,1.24278058761852,1.24271602842255,1.24266199573776,1.242527778982,1.24257464011283,1.24275651209229,1.24304105218898,1.24340482550187,1.24383037866394,1.24430437105857,1.24481639184632,1.24535815599641,1.24592295938598,1.24650530978745,1.24710065232357,1.24770517688318,1.24831567464801,1.24892943020271,1.24954413983896,1.25015784295378,1.25076887720484,1.25137583229363,1.25197751691421,1.25257293123971,1.25316123890836,1.25374174776776,1.25431389578637
73,1.20263495118395,1.24524313068135,1.26970743673226,1.28589356624625,1.29728542320088,1.28256846780424,1.27056173374089,1.26153808009483,1.25486167647245,1.25014927068145,1.24700252526101,1.24652194713523,1.24608295703337,1.2456824311369,1.24531743016808,1.24498521480314,1.24468324515774,1.24440917702934,1.24416085455271,1.24393630030729,1.2437337041951,1.24355141139846,1.24338791026827,1.24324182041992,1.24311188131564,1.24299694149621,1.24289594855259,1.24280793987554,1.24273203418465,1.24266742381411,1.242613367717,1.24247938321586,1.24252692103189,1.24270977753372,1.24299551706938,1.24336063940339,1.24378764377869,1.24426315403596,1.24477673201205,1.24532007134354,1.24588645072899,1.24647036424121,1.24706724594132,1.24767327684723,1.24828524110823,1.24890041784399,1.24951649923089,1.25013152171008,1.25074382099122,1.25135198568402,1.25195482411906,1.25255133672181,1.25314068787534,1.25372218657692,1.25429527228288
74,1.20250404559395,1.24515970577569,1.26966659310316,1.28587128156302,1.29727302240735,1.28256383958951,1.27055275950335,1.26152268884434,1.25483829571827,1.25011754588998,1.24696387138468,1.24648217053404,1.24604214912713,1.24564068144817,1.24527482523456,1.2449418373981,1.24463917378721,1.24436448565108,1.24411561243963,1.24389057216711,1.24368755015695,1.24350488726956,1.24334106773686,1.24319470729912,1.24306454179744,1.24294941640638,1.24284827559988,1.24276015389086,1.24268416734751,1.24261950586483,1.24256542615401,1.24243166957898,1.24247987549453,1.24266370492198,1.24295063012509,1.24331708611678,1.24374552517407,1.24422253591159,1.24473765312944,1.24528254921825,1.24585048596626,1.24643594384981,1.24703434598567,1.24764186462225,1.24825527696461,1.24887185674403,1.24948929208766,1.25010561653732,1.25071916390202,1.25132852173851,1.25193249804481,1.25253009352212,1.25312047178907,1.25370294758111,1.25427695726916
75,1.20237454049891,1.24507677431868,1.26962585616049,1.28584903228673,1.29726067504591,1.28255928590624,1.27054394637549,1.26150756847763,1.25481530811958,1.2500863251764,1.24692580035527,1.24644298845054,1.24600194619986,1.24559954607541,1.24523284291594,1.24489908995298,1.24459573884778,1.24432043637634,1.24407101739959,1.24384549535698,1.24364205112115,1.24345902126099,1.24329488593722,1.24314825705811,1.24301786688262,1.24290255725429,1.24280126956183,1.24271303546906,1.24263696841877,1.2425722558903,1.24251815237436,1.24238461952265,1.24243348517527,1.242618276224,1.2429063736653,1.24327414833232,1.24370400594739,1.24418250021114,1.24469913912905,1.24524557400504,1.24581504997839,1.24640203395842,1.24700193826796,1.24761092648518,1.24822576895709,1.24884373410145,1.24946250606072,1.25008011553252,1.25069489447131,1.25130542941874,1.25191052807022,1.25250919142533,1.25310058387359,1.25368402134089,1.25425894167484
76,1.20224640477394,1.24499433004845,1.26958522526373,1.28582681810489,1.29724837972601,1.2825548044179,1.27053528933472,1.26149271080382,1.25479270217654,1.25005559426732,1.24688829606869,1.24640438451794,1.24596233165105,1.24555900821091,1.24519146622157,1.24485695531619,1.2445529230471,1.24427701178943,1.24402705188849,1.24380105225115,1.24359718939682,1.24341379561684,1.2432493470598,1.24310245184415,1.2429718386848,1.24285634612868,1.24275491251035,1.2426665666726,1.24259041945825,1.24252565595403,1.242471528451,1.24233821524039,1.24238773248217,1.24257347412909,1.24286273071,1.24323180943418,1.24366306987541,1.24414303112303,1.24466117462549,1.24520913083699,1.24578012825872,1.24636862050751,1.2469700091773,1.2475804492731,1.24819670436824,1.24881603764011,1.24943612834253,1.25005500728361,1.2506710017074,1.25128269814411,1.25188890401569,1.252488620642,1.25308101319899,1.25366539881232,1.25424121681057
77,1.20211960835027,1.24491236682706,1.26954469978039,1.28580463240921,1.29723613511189,1.28255039275316,1.27052678354563,1.26147810798057,1.25477046686445,1.25002533947024,1.24685134306693,1.24636634302477,1.24592328954366,1.24551905171766,1.24515067883777,1.24481541701872,1.2445107097801,1.24423419516892,1.24398369907725,1.24375722596462,1.24355294798252,1.24336919328444,1.24320443400007,1.2430572745109,1.24292644002507,1.24281076582649,1.242709187226,1.24262073027282,1.24254450323465,1.2424796888281,1.24242553716503,1.24229243962893,1.24234260051827,1.24252928201095,1.24281968494955,1.24319005346535,1.24362270137866,1.2441041134651,1.24462374484606,1.2451732053103,1.24574570683764,1.24633569000125,1.24693854564981,1.24755042035344,1.24816807099433,1.24878875558099,1.24941014950618,1.25003028084321,1.25064747506728,1.25126031776709,1.25186761611938,1.25246837178549,1.25306175074279,1.25364707132553,1.25422377434717
78,1.2019941221671,1.24483087863713,1.26950427908573,1.28578248740106,1.29722393991975,1.2825460487019,1.27051842448382,1.26146375249507,1.25474859161201,1.24999554764287,1.24681492650427,1.24632884888059,1.24588480456947,1.24547966109433,1.24511046509259,1.24477445923848,1.24446908309313,1.24419197044558,1.24394094279905,1.24371400022519,1.24350931058115,1.24332519786729,1.24316013032188,1.24301270858177,1.24288165439525,1.24276579981617,1.24266407716129,1.24257550971319,1.24249920318873,1.24243433795646,1.24238016196897,1.24224727625179,1.24229807304557,1.24248568389214,1.24277722071225,1.24314886509304,1.24358288548798,1.2440657326501,1.24458683559889,1.24513778363849,1.24571177243977,1.24630322947797,1.24690753513989,1.24752082759607,1.24813985711823,1.24876187661604,1.24938455768135,1.25000592570389,1.25062430443285,1.25123827855023,1.25184665501501,1.25244843585051,1.25304278784997,1.25362903056469,1.25420660629659
79,1.20186991812637,1.24474985957861,1.26946396256254,1.28576037661301,1.2972117929151,1.28254177029844,1.27051020770315,1.26144963714622,1.25472706627631,1.24996620616431,1.24677903211557,1.24629188758394,1.24584686201665,1.24544082144247,1.24507080992276,1.24473406676712,1.2444280276512,1.24415032217339,1.24389876751216,1.24367135940902,1.24346626147975,1.24328179363742,1.24311642021404,1.24296873821557,1.24283746592358,1.2427214322032,1.24261956640624,1.24253088907489,1.24245450339898,1.24238958742052,1.24233538695239,1.24220270930512,1.2422541344513,1.24244266441095,1.24273532293086,1.24310822957661,1.2435436078132,1.24402787465587,1.24455043324302,1.24510285257122,1.24567831214798,1.2462712264364,1.24687696559346,1.24749165934723,1.24811205148417,1.24873538988357,1.24935934239523,1.24998193177529,1.25060148008869,1.25121657114464,1.25182601171102,1.25242880419304,1.25302411621367,1.25361126854928,1.25418970499363
80,1.20174696904991,1.24466930386569,1.26942374960096,1.28573829977318,1.29719969291028,1.28253755543948,1.27050212898581,1.26143575502805,1.25470588112036,1.24993730290827,1.24674364618664,1.24625544519227,1.24580944773935,1.24540251843594,1.24503169884277,1.24469422497897,1.24438752870543,1.24410923549673,1.24385715826831,1.24362928848831,1.24342378558298,1.24323896542515,1.24307328849889,1.24292534816663,1.24279385933143,1.24267764769794,1.24257563965613,1.24248685304454,1.24241038854929,1.24234542190688,1.24229119680968,1.24215872358573,1.24221076971628,1.24240020879007,1.24269397711203,1.24306813273764,1.24350485451379,1.24399052599685,1.2445145246604,1.24506839936703,1.24564531360371,1.24623966901048,1.24684682542274,1.24746290440513,1.24808464327406,1.24870928494536,1.2493344935844,1.24995828936251,1.25057899270118,1.25119518656982,1.25180567757114,1.25240946851148,1.25300572785695,1.25359377761662,1.25417306307908
81,1.20162524863909,1.24458920582377,1.26938363959822,1.28571625661852,1.29718763876211,1.28253340221429,1.27049418428936,1.26142209951415,1.2546850267922,1.2499088262178,1.24670875552645,1.2462195082938,1.24577254812925,1.24536473829204,1.24499311791581,1.24465491980152,1.24434757206453,1.24406869612076,1.243816100683,1.24358777300159,1.2433818683639,1.24319669864863,1.24303072053363,1.24288252378896,1.24275081995199,1.24263443157657,1.24253228218125,1.24244338688401,1.24236684389875,1.24230182667721,1.2422475768099,1.24211530446113,1.24216796438529,1.24235830280754,1.24265316724025,1.24302856093177,1.24346661227141,1.2439536736971,1.2444790972297,1.24503441176783,1.24561276491807,1.24620854561477,1.24681710343925,1.24743455199707,1.24805762208522,1.24868355176511,1.24931000157395,1.24993498914598,1.25055683329902,1.25117411619484,1.25178564429618,1.25239042082914,1.25298761511585,1.2535765504054,1.25415667348393
82,1.20150473143658,1.24450955988654,1.26934363195855,1.28569424689427,1.2971756293697,1.28252930878669,1.27048636973731,1.26140866424316,1.25466449430519,1.24988076488174,1.24667434744107,1.24618406398112,1.24573615008883,1.24532746774462,1.24495505372668,1.2446161376883,1.24430814406703,1.24402869028374,1.24377558090768,1.24354679902572,1.24334049583595,1.24315497926806,1.24298870223454,1.24284025095002,1.2427083336196,1.2425917696918,1.24248947979185,1.24240047639292,1.24232385525331,1.24225878753979,1.24220451276837,1.24207243784134,1.24212570453929,1.24231693276929,1.242612884007,1.24298950102235,1.24342886826401,1.24391730526512,1.24444413880159,1.24500087797487,1.24558065464854,1.24617784516652,1.24678778902135,1.24740659170092,1.24803097790967,1.24865818068829,1.24928585700014,1.24991202216257,1.25053499325495,1.25115335172063,1.25176590390689,1.25237165347764,1.25296977062347,1.25355957984037,1.25414052941457
83,1.2013853927903,1.24443036059318,1.26930372609288,1.2856722703536,1.29716366367245,1.28252527339396,1.2704786816094,1.26139544310513,1.25464427501958,1.2498531081125,1.24664040970919,1.24614909982636,1.24570024100632,1.24529069401868,1.24491749335607,1.24457786559301,1.24426923155528,1.24398920473097,1.24373558560358,1.24350635314965,1.24329965452664,1.2431137937593,1.2429472200348,1.24279851604856,1.24266638670612,1.24254964838021,1.24244721884143,1.24235810792234,1.24228140893256,1.24221629081443,1.24216199102017,1.24203011015251,1.24208397676923,1.24227608548342,1.24257311242165,1.24295094035557,1.24339161014159,1.24388140867008,1.24440963767574,1.24496778662627,1.24554897177708,1.24614755699487,1.24675887177995,1.24737901367442,1.24800470111452,1.24863316240361,1.24926205104726,1.24988937973189,1.25051346426858,1.25113288516346,1.25174644872803,1.25235315908154,1.25295218729503,1.25354285911796,1.25412462433886
84,1.20126720881918,1.24435160258563,1.26926392141877,1.28565032675719,1.29715174064806,1.28252129434429,1.27047111633506,1.26138243022877,1.25462436062525,1.24982584547583,1.2466069305591,1.24611460385797,1.2456648087321,1.24525440480661,1.24488042435668,1.24454009094531,1.24423082185113,1.24395022669027,1.24369610191707,1.24346642244978,1.24325933145272,1.243073129089,1.24290626085968,1.24275730597639,1.24262496607718,1.24250805448794,1.24240548615082,1.24231626828138,1.24223949177391,1.24217432334536,1.2421199983892,1.24198830831204,1.24204276815156,1.242235748236,1.24253384001663,1.24291286673726,1.24335482600344,1.24384597231961,1.24437558257897,1.24493512677579,1.2455177056896,1.24611767082093,1.24673034177274,1.24735180822301,1.24797878241778,1.24860848801212,1.24923857500277,1.24986705368713,1.25049223830004,1.25111270883928,1.25172727137325,1.25233493054378,1.25293485831387,1.25352638169269,1.25410895197301
85,1.20115015638086,1.24427328060596,1.26922421736021,1.28562841587278,1.29713985931075,1.28251737001368,1.27046367048131,1.26136961996947,1.25460474312546,1.2497989670825,1.24657389864717,1.24608056453874,1.24562984155655,1.24521858824577,1.24484383473058,1.24450280162813,1.24419290273303,1.24391174384901,1.24365711745656,1.24342699446661,1.24321951409693,1.24303297269133,1.24286581210314,1.24271660809498,1.24258405906879,1.24246697533199,1.24236426902394,1.24227494476638,1.24219809105923,1.24213287241309,1.2420785221907,1.24194701969712,1.24200206622508,1.24219590876833,1.24249505477125,1.24287526841092,1.24331850437666,1.24381098503882,1.24434196264489,1.24490288787299,1.24548684615656,1.24608817673897,1.24670218941905,1.24732496610256,1.24795321289744,1.24858414886401,1.24921542056548,1.249845035943,1.25047130777816,1.25109281530713,1.25170836467038,1.25231696103205,1.25291777711824,1.25351014126452,1.25409350626985
86,1.20103421304101,1.24419538949384,1.26918461334744,1.28560653747491,1.29712800899207,1.28251349884273,1.27045634075167,1.261357006898,1.25458541482155,1.24977246322954,1.24654130303741,1.24604697074521,1.24559532818922,1.24518323289746,1.24480771290798,1.24446598595621,1.24415546241448,1.24387374433236,1.24361862027071,1.24338805718301,1.24318019038607,1.24299331244592,1.24282586160579,1.24267641021333,1.24254365346517,1.24242639867809,1.24232355521373,1.2422341251228,1.24215719453138,1.24209192576234,1.24203755016463,1.24190623215937,1.24196185896926,1.24215655525552,1.24245674509067,1.2428381340371,1.243282634196,1.24377643605056,1.24430876739466,1.24487105974449,1.24545638331478,1.2460590651988,1.24667440548597,1.24729847836254,1.24792798393047,1.24856013665497,1.24919257973523,1.24982331879862,1.25045066520858,1.25107319754303,1.25168972191875,1.25229924396594,1.25290093738911,1.25349413176706,1.25407828140644
87,1.20091935704425,1.24411792418402,1.26914510881686,1.28558468281617,1.29711620798943,1.28250967933342,1.27044912397651,1.26134458579005,1.25456636829858,1.24974632462861,1.24650913318235,1.2460138117483,1.24556125773916,1.24514832772707,1.24477204772718,1.24442963265591,1.24411848952369,1.24383621668294,1.24358059882791,1.24334959900349,1.24314134867028,1.24295413665715,1.24278639763412,1.24263670056726,1.24250373747805,1.2423863127199,1.24228333290138,1.24219379752443,1.2421167903615,1.24205147156595,1.24199707048954,1.24186593394279,1.24192213478368,1.2421176762863,1.24241889978609,1.242801452674,1.24324720478487,1.24374231495691,1.24427598671882,1.24483963257627,1.24542630765027,1.24603032698981,1.24664698105788,1.2472723364166,1.24790308721221,1.24853644337808,1.24917004479887,1.24980189482972,1.25043030345032,1.25105384861948,1.25167133643342,1.252281773005,1.25288433303827,1.25347834735603,1.25406327177397
88,1.20080556728657,1.244040879704,1.26910570321084,1.28556286709963,1.29710444591674,1.28250591004609,1.27044201710709,1.26133235161618,1.25454759641187,1.24972054232238,1.24647737890508,1.24598107719497,1.24552761969645,1.24511386208538,1.24473682841576,1.24439373084626,1.2440819730845,1.24379914984152,1.24354304199692,1.24331160873491,1.2431029777036,1.24291543403462,1.24274740886092,1.24259746779972,1.24246429972694,1.24234670605932,1.24224359067659,1.24215395055372,1.24207686712931,1.24201149840516,1.24195707175202,1.24182611167852,1.24188288246883,1.24207926084405,1.24238150805606,1.24276521375915,1.24321220583737,1.24370861172163,1.2442436108603,1.24480859689712,1.24539660998221,1.24600195322194,1.2466199075454,1.24724653196269,1.24787851473147,1.24851306131006,1.24914780831701,1.24978075687601,1.25041021562039,1.25103476188787,1.25165320181336,1.25226454203722,1.25286795819759,1.25346278239899,1.25404847196731
89,1.20069282328918,1.2439642511717,1.26906639597761,1.28554108468312,1.29709272191811,1.28250218959657,1.27043501720964,1.26132029953256,1.25452909227421,1.24969510766932,1.2464460303821,1.24594875709105,1.24549440391474,1.24507982569091,1.24470204457273,1.24435827002101,1.24404590249828,1.24376253312889,1.24350593902866,1.24327407556802,1.24306506662557,1.24287719367472,1.24270888434684,1.24255870094237,1.24242532922068,1.24230756768812,1.24220431751923,1.24211457318346,1.24203741380495,1.24197199525153,1.24191754292892,1.24178675846306,1.24184409120778,1.2420412982888,1.24234455946888,1.2427294070921,1.24317762740145,1.24367531665365,1.24421163039826,1.24477794356289,1.24536728144705,1.24597393531658,1.24659317665259,1.24722105698818,1.24785425875705,1.2484899829981,1.2491258631112,1.24975989803016,1.25039039506509,1.25101593098266,1.25163531195376,1.25224754516846,1.25285180720862,1.25344743146527,1.25403387677548
90,1.20058110517363,1.24388803379321,1.26902718657113,1.2855193339106,1.29708103516659,1.28249851665342,1.27042812145988,1.26130842487211,1.2545108492439,1.24967001232913,1.2464150781274,1.24591684178488,1.24546160059477,1.24504620861336,1.24466768615183,1.24432324003166,1.24401026752692,1.24372635622871,1.24346927953896,1.2432369890603,1.24302760494387,1.24283940504322,1.24267081352289,1.24252038939803,1.24238681533994,1.24226888697026,1.24216550278161,1.24207565475898,1.24199841973107,1.24193295144897,1.24187847336899,1.24174786169949,1.2418057505491,1.24200377834036,1.24230804394594,1.24269402281819,1.24314345986293,1.24364242039155,1.24418003623292,1.24474766374175,1.24533831348522,1.24594626498815,1.24656678036882,1.24719590375673,1.24783031182507,1.2484672012479,1.24910420225378,1.2497393116215,1.25037083537889,1.25099734973972,1.2516176609329,1.25223077539868,1.25283587461288,1.25343228931662,1.25401948117262
91,1.20047039363819,1.24381222286065,1.26898807445097,1.28549761458575,1.29706938486285,1.28249488993542,1.27042132713777,1.26129672313624,1.25449286091343,1.24964524824917,1.24638451297723,1.24588532195202,1.24542920026887,1.24501300125781,1.24463374344556,1.24428863107157,1.24397505827675,1.24369060917136,1.24343305349232,1.24320033911951,1.24299058251793,1.24280205795883,1.242633186174,1.24248252292421,1.2423487478206,1.24223065362538,1.24212713617204,1.24203718498176,1.24195987460644,1.24189435669737,1.24183985277683,1.2417094111604,1.24176785039055,1.24196669106229,1.24227195174602,1.24265905141311,1.24310969393044,1.24360991388879,1.24414881957122,1.24471774890013,1.24530969782666,1.24591893423226,1.24654071095603,1.24717106479593,1.24780666672691,1.24844470911202,1.24908281905247,1.24971899121389,1.25035153037032,1.25097901220862,1.25160024303494,1.25221422986257,1.25282015514271,1.25341735089837,1.2540052803094
92,1.20036066993542,1.24373681375002,1.26894905908218,1.28547592651728,1.29705777023394,1.28249130820909,1.27041463162263,1.26128518995465,1.25447512109879,1.24962080765152,1.2463543260758,1.24585418858072,1.24539719378622,1.24498019434995,1.24460020707034,1.24425443366079,1.2439402651833,1.24365528231862,1.24339725118652,1.24316411598838,1.24295398954348,1.24276514257765,1.24259599242344,1.24244509161752,1.24231111673827,1.24219285771323,1.2420892077392,1.24199915389374,1.24192176847034,1.24185620103707,1.24180167119406,1.24167139694868,1.24173038096376,1.24193002683803,1.24223627345048,1.24262448366834,1.24307631861114,1.24357778839983,1.24411797191324,1.24468819078965,1.24528142647827,1.24589193531322,1.24651496093654,1.24714653288545,1.24778331649782,1.24842249987768,1.24906170704495,1.24969893058846,1.25033247405967,1.25096091264305,1.25158305274064,1.25219790195215,1.25280464371258,1.25340261133111,1.25399126950507
93,1.20025191585074,1.24366180116788,1.26891013993519,1.28545426951873,1.29704619053221,1.28248777028646,1.27040803238845,1.2612738212157,1.25445762382942,1.24959668302081,1.24632450886178,1.24582343295817,1.24536557229898,1.24494777892199,1.24456706795222,1.24422063863185,1.24390587899699,1.24362036634923,1.24336186323813,1.2431283102299,1.24291781653783,1.24272864937853,1.24255922271811,1.24240808589889,1.24227391249341,1.24215548961885,1.24205170785729,1.24196155186257,1.24188409168776,1.24181847483403,1.24176391899854,1.24163380951723,1.24169333281587,1.24189377639727,1.24220099993651,1.24259031067742,1.24304332922593,1.243546035467,1.24408748503941,1.2446589814345,1.24525349171175,1.24586526075223,1.24648952308163,1.24712230104594,1.24776025440586,1.24840056705832,1.24904085998545,1.24967912373621,1.25031366066963,1.25094304549169,1.25156608471857,1.25218178654935,1.25278933541097,1.25338806590276,1.25397744423981
94,1.20014411368218,1.24358718213824,1.26887131648572,1.2854326339351,1.29703464503419,1.28248427502296,1.27040152699953,1.26126261283827,1.25444036333864,1.2495728670927,1.24629505305544,1.24579304665758,1.24533432724918,1.24491574629942,1.24453431731357,1.24418723711618,1.24387189076949,1.24358585224518,1.2433268805687,1.24309291271358,1.24288205432609,1.24269256914912,1.24252286781458,1.24237149649963,1.24223712579741,1.24211854003857,1.24201462721207,1.24192436956759,1.2418468349354,1.24178116876524,1.24172658686731,1.24159663959513,1.24165669681369,1.2418579307285,1.24216612241705,1.24255652382294,1.24301071537115,1.24351464690804,1.24405735099834,1.24463011311971,1.24522588605207,1.24583890331619,1.24646439040066,1.24709836248903,1.24773747394233,1.24837890438241,1.24902027183619,1.24965956484878,1.2502950846163,1.25092540538964,1.25154933381681,1.25216587870887,1.25277422549258,1.25337371006116,1.2539638001476
95,1.20003724622094,1.24351295154194,1.26883258821462,1.28541103834147,1.29702313303959,1.2824808213153,1.27039511310638,1.26125156092432,1.2544233340547,1.249549352843,1.2462659506466,1.24576302152583,1.24530345035626,1.24488408808844,1.24450194666034,1.24415422053137,1.24383829184082,1.2435517312788,1.24329229439177,1.24305791460233,1.24284669402798,1.24265689297271,1.2424869187659,1.24233531444822,1.24220074765929,1.24208199996676,1.24197795678762,1.24188759798654,1.2418099891882,1.24174427380794,1.24168966577983,1.24155987822258,1.24162046409859,1.24182248113139,1.24213163234414,1.24252311476418,1.24297846891187,1.24348361480435,1.24402756209539,1.24460157837993,1.24519860226669,1.24581285600718,1.24643955611792,1.24707471077933,1.24771496876465,1.24835750578449,1.24899993675833,1.24964024830972,1.25027674050082,1.25090798715021,1.25153279505509,1.25215017365065,1.25275930937108,1.25335953940703,1.25395033300937
96,1.19993129391863,1.24343910507088,1.26879395460782,1.28538947328321,1.29701165387032,1.28247740809968,1.27038878844175,1.26124066170916,1.25440653059222,1.24952613347729,1.24623719388311,1.24573334967187,1.24527293360528,1.24485279616405,1.24446994777009,1.24412158056907,1.2438050738272,1.24351799500044,1.24325809620056,1.24302330734014,1.24281172704545,1.24262161221581,1.24245136690913,1.24229953105774,1.24216476937324,1.24204586068329,1.24194168785371,1.24185122838296,1.2417735457076,1.24170778122303,1.24165314700185,1.24152351672296,1.24158462610092,1.24178741917732,1.24209752145634,1.24249007542544,1.24294658197208,1.24345293148981,1.24399811088175,1.24457336998889,1.24517163335515,1.24578711204869,1.24641501371943,1.24705133954178,1.24769273289241,1.24833636539632,1.2489798491034,1.24962116868626,1.25025862310135,1.2508907857573,1.25151646361733,1.25213466675267,1.25274458261217,1.2533455496873,1.25393703874667
97,1.19982624608118,1.24336563849132,1.26875541515624,1.28536793741053,1.29700019378173,1.2824740343499,1.270382550817,1.26122991155562,1.25438994774414,1.24950320242119,1.24620877525999,1.2457040234557,1.24524276923579,1.24482186265875,1.24443831268056,1.24408930918346,1.24377222860949,1.24348463522689,1.24322427775623,1.24298908264026,1.24277714505084,1.24258671851624,1.24241620385342,1.24226413791403,1.24212918250665,1.24201011374156,1.24190581195392,1.24181525229452,1.24173749602829,1.24167168254602,1.24161702207274,1.24148754669122,1.24154917451951,1.24175273670197,1.24206378175162,1.24245739798498,1.24291504692386,1.24342258954023,1.24396899014419,1.24454547965545,1.24514497253938,1.24576166489251,1.24639075685014,1.24702824266277,1.24767076035573,1.24831547749859,1.24896000340525,1.24960232072142,1.25024072736554,1.25087379635805,1.25150033484466,1.25211935354412,1.25273004092704,1.25333173678883,1.25392391341553
98,1.19972208221687,1.2432925476421,1.26871696935565,1.2853464329094,1.29698877796329,1.28247069907573,1.27037639811858,1.26121930694854,1.25437358047411,1.24948055331109,1.24618068750913,1.24567503547791,1.24521294973123,1.24479127995188,1.24440703367892,1.24405739858042,1.24373974832217,1.24345164403032,1.24319083107682,1.24295523247409,1.24274293997575,1.242552203772,1.24238142146885,1.24222912686443,1.24209397888889,1.24197475095733,1.24187032089436,1.24177966152129,1.24170183194783,1.24163596957517,1.2415812827942,1.24145195998282,1.24151410131006,1.24171842579465,1.24203040547665,1.24242507485651,1.24288385637709,1.24339258176334,1.24394019289522,1.24451790318718,1.24511861325387,1.24573650818251,1.2463667793751,1.24700541422052,1.24764904545796,1.24829483668786,1.24894039433182,1.24958369932667,1.25022304840334,1.25085701425594,1.2514844042287,1.25210422969907,1.25271568016619,1.25331809530679,1.25391095320074
99,1.19961879065851,1.24321982843297,1.26867861670662,1.28532495844702,1.29697739305462,1.28246740132124,1.27037032830474,1.26120884448949,1.25435742390919,1.24945817998531,1.24615292355687,1.24564637856973,1.24518346780888,1.24476104065943,1.24437610329147,1.24402584120714,1.24370762534301,1.2434190137278,1.24315774842674,1.24292174906063,1.24270910400039,1.24251806013059,1.24234701187572,1.24219449000707,1.24205915060053,1.24193976439789,1.24183520673293,1.24174444811533,1.2416665455158,1.24160063436054,1.24154592121965,1.2414167487032,1.24147939867531,1.2416844787877,1.24199738511667,1.242393098713,1.24285300316977,1.24336290118921,1.24391171236385,1.24449063272527,1.24509254913933,1.24571163576655,1.24634307535109,1.24698284848391,1.24762758266506,1.24827443757879,1.2489210168558,1.24956529953671,1.2502055814241,1.25084043490425,1.25146866740526,1.25208929103028,1.25270149631354,1.25330462423706,1.25389815441041
100,1.19951635454482,1.24314747684292,1.26864035671444,1.28530351386507,1.29696603845768,1.28246414016334,1.2703643394024,1.26119852089183,1.25434147333306,1.2494360764758,1.24612547665458,1.24561804578366,1.24515431641037,1.24473113762444,1.24434551427395,1.24399462974238,1.24367585228313,1.24338673687139,1.24312502230676,1.24288862485644,1.24267562954357,1.24248427997892,1.24231296743441,1.24216021968075,1.24202468996328,1.24190514637196,1.24180046176914,1.24170960437045,1.2416316290235,1.24156566919391,1.24151092964403,1.24138190519761,1.24144505905503,1.24165088824667,1.24196471338733,1.24236146242365,1.24282248035869,1.24333354106131,1.24388354198679,1.24446366190422,1.24506677403026,1.24568704168254,1.24631963901858,1.24696053989375,1.24760636662116,1.24825427501433,1.24890186595134,1.24954711667087,1.25018832197749,1.2508240538528,1.25145312014833,1.25207453348349,1.25268748548086,1.25329131843045,1.25388551347076
