geometry,N,x1,h,x2,Isp_load,Isp_med,OF_med,sigma,drift,drift_full,Gtilde,lambda,Phi0,of0,of_end,b_end,mdot_ox,Gox0,R_c,L,m_load,I_tot,run_id,rank,grid_divisions,oxidizer,Gox_lo,Gox_hi,of_lo,of_hi,thrust_mode
cylinder,0,0.284327362209891,0,0.284327362209891,337.215030511274,339.643997735161,2.04258882710742,0.0214454887365177,1.86626508329737,Inf,3.55513568907284,6.55806586071517,0.200254758301403,1.3132838938622,2.45093587557183,0.705797871438752,10.0777381657384,422.098097074004,0.306612789089678,6.05631611021951,4535.90196483176,15000000,2026-08-18T20:13:11,1,700,O2(L),400,700,1.1,19.5,mean
star,18,0.266279907226562,0.0142857142857143,0.284673418294033,336.280475068235,339.259539188998,2.05175679271491,0.0263230805195109,1.97107943553302,Inf,3.73045988186392,6.63422342367024,0.189232266217747,1.25540913305598,2.47451112534698,0.705450420084225,10.1039972856093,443.375454943383,0.307767312495969,6.00195681725533,4548.50766806049,15000000,2026-08-18T20:13:11,2,700,O2(L),400,700,1.1,19.5,mean
star,17,0.268538208007812,0.0142857142857143,0.287475497499688,336.227713449157,339.331477520654,2.05188766968492,0.0274001347397237,1.95126581402856,Inf,3.65184054640954,6.63149085889302,0.191092027316299,1.26722503235537,2.47269288431626,0.702650274352105,10.1020663763503,433.998150029857,0.308028542652204,6.00669068060968,4549.22143025009,15000000,2026-08-18T20:13:11,3,700,O2(L),400,700,1.1,19.5,mean
star,16,0.270704956054687,0.0142857142857143,0.290294093962245,336.220555930368,339.38944893527,2.0509643460386,0.0279513494951502,1.9326323544252,Inf,3.57684198620872,6.625946405228,0.192880960879593,1.27801890937706,2.46994069382931,0.699832469915853,10.0988511313156,425.030922625543,0.30822483818061,6.01315361881032,4549.31827482812,15000000,2026-08-18T20:13:11,4,700,O2(L),400,700,1.1,19.5,mean
star,15,0.271177978515625,0.0142857142857143,0.291521970155674,336.169403650528,339.429837601572,2.05090608459895,0.0287394340522378,1.92103116967317,Inf,3.54519421623252,6.62515010725218,0.193988114174864,1.28520037543125,2.4689099804791,0.698603942715789,10.0975554530799,421.24864387311,0.308384913114244,6.01524483984841,4550.01050915684,15000000,2026-08-18T20:13:11,5,700,O2(L),400,700,1.1,19.5,mean
star,14,0.268965454101562,0.0142857142857143,0.290168116195447,336.147041669972,339.421562144657,2.05126561699491,0.0288652816062206,1.91980307591596,Inf,3.58361546451276,6.63037504368,0.194057720593649,1.28667546765755,2.47016352051459,0.699952852880926,10.0983817911797,425.827888854063,0.308370299901668,6.01048519667305,4550.31319587998,15000000,2026-08-18T20:13:11,6,700,O2(L),400,700,1.1,19.5,mean
star,13,0.268904418945312,0.0142857142857143,0.291237859222857,335.978094084501,339.471940702696,2.05196496945606,0.0307608997024554,1.90983517165046,Inf,3.55523191894096,6.63060520041235,0.194972167674993,1.29278346892148,2.46900333827452,0.698879047247773,10.0980110927255,422.448973001762,0.308636490279202,6.01281490900631,4552.60133442566,15000000,2026-08-18T20:13:11,7,700,O2(L),400,700,1.1,19.5,mean
star,12,0.266463012695312,0.0142857142857143,0.290148524289481,335.886445587051,339.466754146941,2.05239567214917,0.0315109380502097,1.90884873667504,Inf,3.5876582373734,6.63477749092459,0.195005343872124,1.29381706613278,2.46970107217616,0.699961317550212,10.0988597752143,426.316347953281,0.308691505161755,6.00969553996282,4553.84353719173,15000000,2026-08-18T20:13:11,8,700,O2(L),400,700,1.1,19.5,mean
star,11,0.26547119140625,0.0142857142857143,0.290964333834324,335.692919770014,339.497872376029,2.05309103454122,0.0334480742442739,1.90201432182822,Inf,3.56898113599501,6.63530823797964,0.195651203525089,1.29820604252065,2.46920648555821,0.699139889315219,10.0990546983911,424.100248709395,0.308946698977368,6.01172722477816,4556.46881237416,15000000,2026-08-18T20:13:11,9,700,O2(L),400,700,1.1,19.5,mean
star,10,0.263655395507812,0.0142857142857143,0.291509402878779,335.565434118017,339.508525585299,2.05428233597303,0.0346458558772489,1.89732454894501,Inf,3.56140718118704,6.63997066197483,0.196080323947864,1.30196759840434,2.47025508638352,0.698591842717152,10.1006563486172,423.227084979119,0.309140166385358,6.00962489116358,4558.19987385514,15000000,2026-08-18T20:13:11,10,700,O2(L),400,700,1.1,19.5,mean
cylinder,0,0.284327362209891,0,0.284327362209891,337.215030511274,339.643997735161,2.04258882710742,0.0214454887365177,1.86626508329737,Inf,3.55513568907284,6.55806586071517,0.200254758301403,1.3132838938622,2.45093587557183,0.705797871438752,10.0777381657384,422.098097074004,0.306612789089678,6.05631611021951,4535.90196483176,15000000,2026-08-20T14:54:29,1,700,O2(L),400,700,1.1,19.5,mean
star,18,0.276123657226563,0.00714285714285714,0.287526166861926,336.587386085693,339.556969010211,2.04721892247485,0.0261802448364804,1.88820808236435,Inf,3.56185810358607,6.59433026498031,0.19756476476235,1.30280730756608,2.45997128790962,0.70259339014155,10.0878196895636,423.065414650101,0.307615886174782,6.03436286386827,4544.36019499991,15000000,2026-08-20T14:54:29,2,700,O2(L),400,700,1.1,19.5,mean
star,17,0.276663208007812,0.00714285714285714,0.288598380286654,336.527505244958,339.571099995623,2.05529577910162,0.026889296550464,1.88274026446751,Inf,3.53428514936118,6.61853642837502,0.198107901484729,1.31118436272561,2.46861959384368,0.701525328632173,10.100425683035,420.000146391472,0.307861740780104,6.01657347460065,4545.16880679193,15000000,2026-08-20T14:54:29,3,700,O2(L),400,700,1.1,19.5,mean
star,16,0.270704956054687,0.00714285714285714,0.283151236819388,336.460101971503,339.505708938008,2.04843788408766,0.0268531230493551,1.9002278588914,Inf,3.68229139058328,6.60508050404177,0.196273683830492,1.29640348252524,2.4634620138583,0.706960013190273,10.0913134516602,437.43065594358,0.307518339380209,6.02410770055589,4546.0793434475,15000000,2026-08-20T14:54:29,4,700,O2(L),400,700,1.1,19.5,mean
star,15,0.274615478515625,0.00714285714285714,0.287893408807666,336.4210924446,339.577981717759,2.04808032094639,0.0278070180830888,1.88255891903204,Inf,3.55593965300346,6.5967392947904,0.198091588775702,1.30675856764413,2.46004999654,0.702219865649011,10.0885879305417,422.375306942513,0.30782555897739,6.03432951400115,4546.60648163365,15000000,2026-08-20T14:54:29,5,700,O2(L),400,700,1.1,19.5,mean
star,14,0.274590454101562,0.00714285714285714,0.288794916408498,336.378675586866,339.586851446195,2.05279943906125,0.0282916221373827,1.87859216501155,Inf,3.53491499702955,6.61124822107232,0.198487008233236,1.31224688008795,2.46517670749407,0.701322892411062,10.0959388057938,420.00034160383,0.307997960392249,6.02386933584053,4547.17980204395,15000000,2026-08-20T14:54:29,6,700,O2(L),400,700,1.1,19.5,mean
star,13,0.272654418945312,0.00714285714285714,0.287957231446061,336.279613130993,339.585173348561,2.04883375166675,0.0290973428414345,1.88090842740083,Inf,3.5594746719375,6.59969315881744,0.198223582649196,1.30821482232618,2.46063228416398,0.702157906116549,10.0895915385807,422.812020567619,0.307986888513834,6.03335909600794,4548.51932659702,15000000,2026-08-20T14:54:29,7,700,O2(L),400,700,1.1,19.5,mean
star,12,0.270838012695312,0.00714285714285714,0.287535000435918,336.201811714615,339.579124999614,2.04935269844947,0.0297214267750791,1.88221421572482,Inf,3.57480049289902,6.60286975779941,0.198062018479155,1.30777771198472,2.46151780050572,0.702577008979936,10.0906093352618,424.649630999223,0.308053610817593,6.03126176158009,4549.57191237646,15000000,2026-08-20T14:54:29,8,700,O2(L),400,700,1.1,19.5,mean
star,11,0.27031494140625,0.00714285714285714,0.288869715848189,336.147422414823,339.59042072453,2.04966070457322,0.0302898548766271,1.87812977358528,Inf,3.54590348641212,6.60344329893518,0.198462330116114,1.31053474389631,2.46135432182963,0.701243927353221,10.0907709659494,421.219661828663,0.308196613582148,6.03216168637557,4550.30804186659,15000000,2026-08-20T14:54:29,9,700,O2(L),400,700,1.1,19.5,mean
star,10,0.268030395507812,0.00714285714285714,0.288966692966964,336.037806773048,339.587471905227,2.05026549438712,0.0312149062755776,1.87888194742832,Inf,3.55087960053218,6.60687325680027,0.198342307068719,1.31042248426439,2.46212914918852,0.701147729827038,10.0918347310602,421.828563220364,0.308328120968306,6.03047516741766,4551.7923538286,15000000,2026-08-20T14:54:29,10,700,O2(L),400,700,1.1,19.5,mean
cylinder,0,0.304349348366746,0,0.304349348366746,304.137498301952,305.036736008022,5.72765971688892,0.0195034959248225,1.80475724895606,Inf,3.08810548640442,18.2978120248106,0.207185665350878,3.79104435882567,6.8419147877046,0.686774184230488,14.230179394815,420.909048302816,0.340857428995443,2.49481428722019,5029.21977068512,15000000,2026-08-20T15:46:58,1,700,N2O,400,700,1.1,19.5,mean
star,18,0.2918994140625,0.00714285714285714,0.303545290175776,303.836096271122,304.973677673682,5.73934318476061,0.0246112050408238,1.83583496232029,Inf,3.1799808240575,18.4128763264476,0.203277611292426,3.74292551666313,6.8713935248509,0.687575884222226,14.2374297330883,433.519985501641,0.341733249349403,2.48272312137729,5034.2087008056,15000000,2026-08-20T15:46:58,2,700,N2O,400,700,1.1,19.5,mean
star,17,0.29537109375,0.00714285714285714,0.307630320985951,303.83274748814,305.003000574514,5.73907544452762,0.0252994446036608,1.82157225628576,Inf,3.09106301583099,18.3946632007187,0.204841174587339,3.76798441617371,6.86365587461915,0.683495295591509,14.2359624045017,421.380638378134,0.342050960800181,2.48627225427945,5034.2641868339,15000000,2026-08-20T15:46:58,3,700,N2O,400,700,1.1,19.5,mean
star,16,0.2947705078125,0.00714285714285714,0.307688260609058,303.813592264807,305.004844637347,5.73924279344545,0.0257440354400637,1.82025452805456,Inf,3.09109163925491,18.3954038672294,0.204972053755021,3.77054371031908,6.86334926193595,0.683436005701123,14.2359379300595,421.384250609856,0.342109812126022,2.48638494823909,5034.58159348479,15000000,2026-08-20T15:46:58,4,700,N2O,400,700,1.1,19.5,mean
star,15,0.294140625,0.00714285714285714,0.307854758679329,303.783722589225,305.008598162044,5.74160428316138,0.0264628699337081,1.81883245946482,Inf,3.0887184395693,18.401905955696,0.205113765206811,3.77448421755444,6.86515441262568,0.683267215236151,14.2366315964555,421.068937526185,0.342210785028695,2.4859034645074,5035.07662105772,15000000,2026-08-20T15:46:58,5,700,N2O,400,700,1.1,19.5,mean
star,14,0.292796630859375,0.00714285714285714,0.307469298924707,303.755770333417,305.007561481198,5.74258671191513,0.0270350379498825,1.81936322448167,Inf,3.09900290135123,18.4077881819903,0.20503365474926,3.77421608680371,6.86666994957778,0.683648906749304,14.2370412699045,422.475827537769,0.342264471842859,2.4853218979383,5035.53995957989,15000000,2026-08-20T15:46:58,6,700,N2O,400,700,1.1,19.5,mean
star,13,0.29142333984375,0.00714285714285714,0.307287865436256,303.727286739216,305.006151378504,5.7432642587789,0.0276088078287736,1.81960986012318,Inf,3.10574302063803,18.4122690271242,0.204986509213505,3.77426675457011,6.8676930013509,0.683828324116785,14.2373561960116,423.398429762313,0.342329674175607,2.48496746851209,5036.01219333384,15000000,2026-08-20T15:46:58,7,700,N2O,400,700,1.1,19.5,mean
star,12,0.290202026367187,0.00714285714285714,0.307582102547545,303.700042923432,305.007036904007,5.7441778724293,0.0282051408345132,1.81875094255517,Inf,3.10315293880288,18.417140116449,0.205055527177721,3.77653637568441,6.86857909286992,0.683529977432959,14.237650677908,423.048830217597,0.342433557070713,2.4846999897331,5036.46395549744,15000000,2026-08-20T15:46:58,8,700,N2O,400,700,1.1,19.5,mean
star,11,0.2879296875,0.00714285714285714,0.307228105725077,303.659896945065,305.003663056105,5.74480138372153,0.0289819053646979,1.82036074789563,Inf,3.11565717711288,18.4240592873898,0.204841317669256,3.77400858124541,6.87005708352042,0.683882882776865,14.2380373044864,424.758130541276,0.342520490141251,2.4840989773372,5037.12981152598,15000000,2026-08-20T15:46:58,9,700,N2O,400,700,1.1,19.5,mean
star,10,0.287232055664062,0.00714285714285714,0.309156513263922,303.624197213212,305.012347437167,5.74723257680554,0.0299246076850441,1.81569053810433,Inf,3.08081891911472,18.429304903735,0.205322608481759,3.78395295534053,6.87048757764371,0.681956545321665,14.2385249266166,420.014377955605,0.3427731128194,2.48432881935129,5037.72207059239,15000000,2026-08-20T15:46:58,10,700,N2O,400,700,1.1,19.5,mean
cylinder,0,0.294590158452916,0,0.294590158452916,318.81393036866,320.464254673697,3.03194763876536,0.0204441049833242,1.83394124910111,Inf,3.30402287708677,9.70983778981902,0.203836818999944,1.97922244808215,3.62977768868475,0.696045125534104,11.9640039501746,420.151240090108,0.323185076561036,4.38360304508573,4797.70227636594,15000000,2026-08-20T16:42:05,1,700,N2O4,400,700,1.1,19.5,mean
star,18,0.285838623046875,0.00714285714285714,0.297391001689432,318.337638037161,320.390748257988,3.03855145603785,0.0253849487630829,1.85531851758343,Inf,3.3188107983347,9.76393026007747,0.201103294137289,1.96355853902833,3.64302651781834,0.693239446127585,11.9732027454193,422.161490013032,0.324224519879612,4.36716149118554,4804.88053155793,15000000,2026-08-20T16:42:05,2,700,N2O4,400,700,1.1,19.5,mean
star,17,0.28515625,0.00714285714285714,0.297238537372254,318.29986635454,320.395203488552,3.03882056907847,0.0258983497470557,1.85425206221305,Inf,3.32320106934265,9.7652254232192,0.20119428399033,1.96470753702876,3.64306300218109,0.693389824183083,11.9732988069751,422.721300666034,0.324279198480173,4.36695921698412,4805.45071220096,15000000,2026-08-20T16:42:05,3,700,N2O4,400,700,1.1,19.5,mean
star,16,0.281640625,0.00714285714285714,0.294301148185122,318.242579105936,320.365418168038,3.04030916353656,0.0262434107645987,1.86259811261494,Inf,3.39560939689306,9.77675325186115,0.200275727904605,1.9580463740602,3.64705348073705,0.696320591277344,11.9758638138908,431.968870785572,0.324184828444843,4.3614089392072,4806.31574745293,15000000,2026-08-20T16:42:05,4,700,N2O4,400,700,1.1,19.5,mean
star,15,0.28318359375,0.00714285714285714,0.296652940833249,318.209658984605,320.395950824224,3.03993234816402,0.027006992351034,1.8538316863441,Inf,3.33990933825112,9.77014026246023,0.201204729119312,1.96579842496599,3.64425940916728,0.693970602320894,11.9743551856515,424.86163630482,0.324385212574166,4.3655721281872,4806.8129809375,15000000,2026-08-20T16:42:05,5,700,N2O4,400,700,1.1,19.5,mean
star,14,0.28357421875,0.00714285714285714,0.298009715304072,318.175630170927,320.414776619153,3.03985701072605,0.0276441968529438,1.84862976883162,Inf,3.30964548718784,9.76762970362491,0.201745107052412,1.97057150020613,3.64285713689224,0.692611467431049,11.9735781862733,421.000918627209,0.324532854254747,4.36761697169182,4807.32706852876,15000000,2026-08-20T16:42:05,6,700,N2O4,400,700,1.1,19.5,mean
star,13,0.282509765625,0.00714285714285714,0.298107527275129,318.121496023888,320.416428831664,3.04051981799265,0.0283227311782507,1.8479222261834,Inf,3.31016771642863,9.76995981000056,0.201804034635639,1.97161730788615,3.64339544477069,0.692514247765402,11.9741625731586,421.075568584832,0.32462257142302,4.36723212215886,4808.1451224913,15000000,2026-08-20T16:42:05,7,700,N2O4,400,700,1.1,19.5,mean
star,12,0.280236206054687,0.00714285714285714,0.297264726159767,318.072954740052,320.403845465483,3.04123844910484,0.0287626762101684,1.85061971893677,Inf,3.33450375978841,9.77590512220723,0.201487572209752,1.96972338922642,3.64520894495338,0.693353423510463,11.975333174319,424.187863176983,0.324648964961129,4.36486024658223,4808.87889609146,15000000,2026-08-20T16:42:05,8,700,N2O4,400,700,1.1,19.5,mean
star,11,0.279932250976562,0.00714285714285714,0.298893040494416,318.02097448723,320.416389374532,3.04626513243471,0.0295757506380485,1.84587683044647,Inf,3.30109595414761,9.79031232053255,0.201970791729019,1.97735713065233,3.64995771298926,0.691730336434801,11.9797559143111,420.000029584532,0.324878516248383,4.36038012003525,4809.66490318176,15000000,2026-08-20T16:42:05,9,700,N2O4,400,700,1.1,19.5,mean
star,10,0.276607055664062,0.00714285714285714,0.29798472713139,317.932347029191,320.406188457826,3.04296163063597,0.0304989069560773,1.84989287861462,Inf,3.32955059302561,9.7841797436923,0.201490719410803,1.97142141540117,3.64691843709896,0.692635848846586,11.9769238882455,423.580266460096,0.324928747395078,4.36319252561726,4811.00565500639,15000000,2026-08-20T16:42:05,10,700,N2O4,400,700,1.1,19.5,mean
cylinder,0,0.299681579865421,0,0.299681579865421,308.15264249557,309.459523028005,3.831131280321,0.0200774636781891,1.81850251074427,Inf,3.18851074027566,12.2533020927644,0.205590735886513,2.51916539429118,4.5811085944986,0.691207233851184,13.0654289305186,420.000045926645,0.332055899817909,3.59941387333815,4963.69042004525,15000000,2026-08-20T17:35:21,1,700,IRFNA,400,700,1.1,19.5,mean
star,18,0.290625,0.00714285714285714,0.302251216222152,307.752197521566,309.39200454703,3.82971199645661,0.0250883166899584,1.83974041976846,Inf,3.20750115324365,12.291284155438,0.202822473129397,2.49294865034211,4.58637839644162,0.688632461690289,13.0672777964613,422.525433139486,0.333058086330101,3.59382910578193,4970.14913877164,15000000,2026-08-20T17:35:21,2,700,IRFNA,400,700,1.1,19.5,mean
star,17,0.290887451171875,0.00714285714285714,0.303069013479604,307.733183588092,309.404586611502,3.83005148847406,0.0255627312281345,1.83567138529468,Inf,3.18994441191762,12.2903308682173,0.203248954700061,2.49799690188306,4.5855014333415,0.68781426569672,13.0669862271822,420.208925958969,0.333161701152101,3.59464682792255,4970.45622975214,15000000,2026-08-20T17:35:21,3,700,IRFNA,400,700,1.1,19.5,mean
star,16,0.2903955078125,0.00714285714285714,0.303227549291897,307.707898917634,309.404784867083,3.83928865450248,0.0259928373035102,1.83396570399662,Inf,3.18772439308826,12.3198904145798,0.203419870656696,2.50611051463849,4.5961207342723,0.687655627297337,13.0734900549527,420.000074075116,0.3332736113863,3.58707050288757,4970.86465718685,15000000,2026-08-20T17:35:21,4,700,IRFNA,400,700,1.1,19.5,mean
star,15,0.289682006835937,0.00714285714285714,0.303296532333205,307.660323571457,309.407742641518,3.84605577473809,0.0267865004702739,1.83278237444337,Inf,3.18727266980547,12.3408379209759,0.203532588952282,2.51176269189673,4.60351439049278,0.687585060214052,13.078120096179,420.000040360539,0.333403860419215,3.58199852213249,4971.63333156164,15000000,2026-08-20T17:35:21,5,700,IRFNA,400,700,1.1,19.5,mean
star,14,0.288732299804688,0.00714285714285714,0.303300446023992,307.626323781581,309.417853826882,3.83131751638383,0.0273658937857076,1.83205051661517,Inf,3.18921468706489,12.2944132585379,0.203591203660438,2.50303439360458,4.58568545390881,0.687575857615779,13.0673199250174,420.117091280087,0.333396222508525,3.59474070734895,4972.18281148434,15000000,2026-08-20T17:35:21,6,700,IRFNA,400,700,1.1,19.5,mean
star,13,0.28736083984375,0.00714285714285714,0.303103783623022,307.585108931894,309.415287564192,3.83199855816693,0.0279473197729108,1.8323361859064,Inf,3.1965480113916,12.2980002225738,0.203542441611737,2.50316499224434,4.58663979458343,0.68777137930955,13.0679090206005,421.09070746198,0.333461051428744,3.59408211295336,4972.84905884561,15000000,2026-08-20T17:35:21,7,700,IRFNA,400,700,1.1,19.5,mean
star,12,0.286204223632812,0.00714285714285714,0.303443272602668,307.55266411972,309.415746319341,3.83219040342282,0.0284394305028175,1.83130309697132,Inf,3.19300363702611,12.3000159070989,0.203631981277246,2.5046766089042,4.5868220307979,0.687429306863919,13.0680250356201,420.625290253009,0.333552087506921,3.59399158862797,4973.3736621819,15000000,2026-08-20T17:35:21,8,700,IRFNA,400,700,1.1,19.5,mean
star,11,0.28407470703125,0.00714285714285714,0.303210379097827,307.490424125173,309.413224580122,3.83403650772587,0.0293409129717077,1.83251629516647,Inf,3.20299188950123,12.3084253563091,0.203462837152926,2.50430714387966,4.58918364926129,0.687664073316909,13.0694338461796,421.959271425972,0.333665146033317,3.59224151568768,4974.38033661898,15000000,2026-08-20T17:35:21,9,700,IRFNA,400,700,1.1,19.5,mean
star,10,0.281260986328125,0.00714285714285714,0.302878159418876,307.429016326739,309.404609433088,3.8347089701229,0.0301322940389785,1.8347104472747,Inf,3.21753868827641,12.3152330282901,0.203178245540939,2.50218744011581,4.59078943742001,0.687995242007126,13.0702718994665,423.886525504252,0.333764974579896,3.59085038174199,4975.37395052276,15000000,2026-08-20T17:35:21,10,700,IRFNA,400,700,1.1,19.5,mean
cylinder,0,0.296484262243853,0,0.296484262243853,344.896215679074,346.01056964098,5.4046917997073,0.0202736193209414,1.82816516196152,Inf,3.2604802277245,17.3000522042374,0.204491066040127,3.53770611779436,6.46751107780977,0.694266001646147,12.4346240971544,421.062553778478,0.327020861641694,2.49888856282373,4434.88287180907,15000000,2026-08-20T18:26:49,1,700,H2O2_90,400,700,1.1,19.5,mean
star,18,0.288651123046875,0.00714285714285714,0.300246889035361,344.579601255519,345.981186535034,5.41719156702302,0.0254377051118138,1.84605986917056,Inf,3.25220006067306,17.3945682452169,0.202115379129846,3.51570975568199,6.49021069161596,0.690500516733824,12.4401619624336,420.0680515256,0.32811921902728,2.4897577807265,4438.95783120561,15000000,2026-08-20T18:26:49,2,700,H2O2_90,400,700,1.1,19.5,mean
star,17,0.2851416015625,0.00714285714285714,0.2972236351969,344.554494248732,345.966419161436,5.41789193772106,0.0256251529908034,1.85440734907557,Inf,3.32441191818021,17.4096795535493,0.201189003955441,3.50263608856199,6.49531410376667,0.693518749199276,12.4409435780151,429.40603485301,0.327984920589141,2.48712664207155,4439.2812893124,15000000,2026-08-20T18:26:49,3,700,H2O2_90,400,700,1.1,19.5,mean
star,16,0.287484741210937,0.00714285714285714,0.300259757401336,344.534547174965,345.98407203503,5.41959319208029,0.0262980589151316,1.84328041320439,Inf,3.25421822098696,17.4030458717952,0.202380235500634,3.52203252196224,6.49209356240186,0.690485571551505,12.4409173164693,420.338934320127,0.328230960778118,2.48900641827196,4439.53830467437,15000000,2026-08-20T18:26:49,4,700,H2O2_90,400,700,1.1,19.5,mean
star,15,0.286687622070312,0.00714285714285714,0.300235251230661,344.501815552746,345.985380385503,5.42081081539386,0.0269063176527158,1.84236823811891,Inf,3.25624997828428,17.4071615449043,0.202463424066553,3.52431352966095,6.4930833082201,0.690507644259128,12.4413055889998,420.606621768359,0.328304417129634,2.48871577768925,4439.96011171298,15000000,2026-08-20T18:26:49,5,700,H2O2_90,400,700,1.1,19.5,mean
star,14,0.28560546875,0.00714285714285714,0.300093202682594,344.465544804665,345.986160230854,5.42227286399291,0.0275687175159684,1.84208388738793,Inf,3.26146795544772,17.4130207432526,0.2024741924698,3.52568731344994,6.49461179207415,0.69064567359104,12.4418000315279,421.287319706215,0.328380888272686,2.48819281696353,4440.42762051649,15000000,2026-08-20T18:26:49,6,700,H2O2_90,400,700,1.1,19.5,mean
star,13,0.284529418945312,0.00714285714285714,0.300187624438589,344.436209087814,345.985853562801,5.42436422359292,0.0280914001304101,1.84139363744243,Inf,3.26234279147329,17.4211442315587,0.202529667210391,3.52829854364181,6.49698648925942,0.690549028469833,12.442558025351,421.410592244209,0.328459250074509,2.48736717814486,4440.80581283174,15000000,2026-08-20T18:26:49,7,700,H2O2_90,400,700,1.1,19.5,mean
star,12,0.283361206054687,0.00714285714285714,0.300499964223548,344.398430109481,345.987077199934,5.42566336621668,0.0287867745568355,1.84039575704819,Inf,3.25888831329129,17.4263506054132,0.202613357892128,3.53081141196828,6.49809034152373,0.690233467057341,12.442977785538,420.970043289969,0.328569547104257,2.4870624873299,4441.29294950808,15000000,2026-08-20T18:26:49,8,700,H2O2_90,400,700,1.1,19.5,mean
star,11,0.2819921875,0.00714285714285714,0.301039941597483,344.353842890094,345.988949380487,5.42764073667062,0.0296166366795265,1.83916431322838,Inf,3.25141962516947,17.4337441494149,0.202714157191218,3.53406675193597,6.49972945072756,0.689692131384198,12.4436159696985,420.013884770371,0.328713027055552,2.48658235819829,4441.86801177962,15000000,2026-08-20T18:26:49,9,700,H2O2_90,400,700,1.1,19.5,mean
star,10,0.279286499023437,0.00714285714285714,0.300802060605759,344.30622188587,345.984736408056,5.42904452082769,0.0303894650367201,1.84106946604618,Inf,3.26410121619503,17.4444343513032,0.20246404866812,3.53187080549009,6.50241949800772,0.689931141675455,12.4442680970354,421.660913936263,0.328813479458314,2.48547078647636,4442.48236668204,15000000,2026-08-20T18:26:49,10,700,H2O2_90,400,700,1.1,19.5,mean
