p_bar,of_1,of_1_1,of_1_2,of_1_3,of_1_4,of_1_5,of_1_6,of_1_7,of_1_8,of_1_9,of_2,of_2_1,of_2_2,of_2_3,of_2_4,of_2_5,of_2_6,of_2_7,of_2_8,of_2_9,of_3,of_3_5,of_4,of_4_5,of_5,of_5_5,of_6,of_6_5,of_7,of_7_5,of_8,of_8_5,of_9,of_9_5,of_10,of_10_5,of_11,of_11_5,of_12,of_12_5,of_13,of_13_5,of_14,of_14_5,of_15,of_15_5,of_16,of_16_5,of_17,of_17_5,of_18,of_18_5,of_19,of_19_5,of_20
1,491.552068300853,491.886024821671,471.030748490334,453.435102430466,438.551778289634,425.784442049891,414.707437299975,405.019637071175,396.476257460191,388.869014854973,382.028356308506,375.822155750098,370.148987062667,364.930554179046,360.105452165747,355.624614188199,351.448085204254,347.542808804164,343.881022937407,340.439121158798,337.196814022958,323.433304752244,312.739120757493,304.201389426558,297.246765379634,291.493011811423,286.674137138245,282.598805287904,279.125652321234,276.147886943241,273.583276663274,271.367428311002,269.449145020298,267.787138269699,266.347641847728,265.102656973656,264.028623563021,263.105411890048,262.315549305001,261.643627550817,261.075854206191,260.599737078477,260.203855856627,259.877736163539,259.611775704557,259.397221633124,259.226169869832,259.091568669932,258.987212608201,258.907718773757,258.848485113657,258.805622001731,258.775891227181,258.756619466401,258.74562123334
1.01325,491.54986461674,491.883030193808,471.020501383752,453.414754870999,438.521778709393,425.746440862215,414.663155235432,404.970646971867,396.42393987533,388.814496567524,381.972492540429,375.765566413099,370.092111426855,364.873700923461,360.048837650727,355.56838991576,351.392356721009,347.487649129116,343.826481760338,340.385231341276,337.143596214401,323.383516842786,312.692610012818,304.157904210124,297.20606598377,291.454894189926,286.638433975504,282.565381092598,279.094397692948,276.118713240869,273.556111318491,271.342210737284,269.425822954537,267.765664413397,266.32797069478,265.084741825615,264.012413624816,263.090850032476,262.302569540192,261.632153829064,261.065799701901,260.591004572807,260.196339132329,259.871322408144,259.606348596853,259.392664836896,259.22237035971,259.088419727227,258.984616059948,258.905586426053,258.846739407102,258.804195912907,258.774727780228,258.755670837215,258.744847702635
2,491.424977357688,491.746959870482,470.546608146295,452.437904574404,437.041068017385,423.835130688876,412.406485874122,402.450217624511,393.713780457265,385.976593982961,379.054739730996,372.803032335664,367.109794961494,361.889232933462,357.074605121323,352.613070546414,348.462031439865,344.586541178661,340.957487806228,337.55029188608,334.343961383982,320.765458189805,310.249195283195,301.87633281067,295.073939766783,289.46160341659,284.775241876991,280.825187847354,277.471438985937,274.608278706401,272.154294467459,270.045684629614,268.231638701461,266.671065377821,265.330217921284,264.180952574985,263.199414178162,262.365050967841,261.659873959747,261.067906662287,260.574794977418,260.167537949246,259.83433074613,259.564465683118,259.348296578768,259.177212867543,259.043621645519,258.940916482971,258.863427812993,258.8063546703,258.765681857986,258.738088670662,258.720855475733,258.711773429675,258.709061061113
3,491.330133711304,491.679224660385,470.312479354278,451.925622701797,436.22787228877,422.751280551368,411.0975904012,400.964133789293,392.096588271248,384.268702582519,377.288342005902,371.002153890728,365.291741358921,360.066276438271,355.255394499038,350.803703078697,346.666793000293,342.808426222606,339.19857493222,335.811997952048,332.627220458432,319.161121067007,308.754200173744,300.483312670676,293.775525673902,288.251408432094,283.647964992138,279.776483060987,276.497745602666,273.706629565371,271.322168007252,269.280856823364,267.532050979766,266.034701879113,264.754997807675,263.664624256608,262.73947631703,261.95869086364,261.303936622022,260.758898673137,260.308924983774,259.94079684244,259.64258777906,259.403593910727,259.214283254686,259.066267145103,258.952253712574,258.865989481234,258.802181645061,258.756405563366,258.725003563853,258.704981622949,258.693909566611,258.68982884969,258.691170300462
4,491.246020497737,491.63446114109,470.16619492678,451.593840707742,435.685047157205,422.011734817681,410.190235027048,399.921776071502,390.952375854667,383.052723128405,376.025160323395,369.710367900662,363.984865259445,358.753936770754,353.944403209778,349.498863025674,345.371489898921,341.52504456134,337.928778909733,334.556928912372,331.387647432992,318.003172597293,307.676319511752,299.480442165498,292.842464607456,287.383602881589,282.841608217044,279.028431443778,275.805388602046,273.067773767679,270.734906310284,268.743461197679,267.042879343419,265.592105260244,264.357239417433,263.309810515884,262.425504240234,261.683216363204,261.064368697962,260.552421016265,260.132545581394,259.791418637922,259.517097430216,259.298944829663,259.12757963549,258.994827980922,258.893656796888,258.818094089237,258.76313209167,258.724619795388,258.699151558512,258.683958040812,258.676804256866,258.675897787668,258.679808588246
5,491.167126783578,491.600098296512,470.06319011769,451.354290332016,435.284266359964,421.456449150697,409.500469767485,399.121989148777,390.068290534574,382.108409919767,375.040667072164,368.7010629743,362.961993284101,357.725538568031,352.916186998741,348.4748651793,344.354557142967,340.517186067385,336.931400706545,333.571012425795,330.413853029062,317.093767175824,306.830494370444,298.694390313568,292.112177953112,286.705537632725,282.212782225815,278.446364692198,275.26800543664,272.57330212964,270.281783462026,268.330245685663,266.668173035419,265.25448116429,264.055179140851,263.041653481886,262.18941250302,261.477158644198,260.88612653899,260.399618206258,260.002697404366,259.681996164008,259.425598357011,259.22296191449,259.06485913148,258.943313089409,258.851512975137,258.783718692715,258.735149793953,258.701868147691,258.680660372847,258.66892585683,258.664574355023,258.665935398239,258.671680250137
6,491.091301800133,491.571241244015,469.985373697606,451.1698832006,434.970227965439,421.015345868617,408.946906772649,398.475124425722,389.349028574851,381.33681495251,374.233766409769,367.872046739992,362.12057557859,356.87869337589,352.068866968313,347.63058216546,343.515804585994,339.685713020382,336.108442058366,332.757426105587,329.610233273902,316.343453185609,306.133114119104,298.046919864429,291.511362168065,286.148473656212,281.697012230485,277.969831369698,274.828972636717,272.170271405336,269.913412663458,267.995285724732,266.365386856973,264.982594908607,263.812829252575,262.827347957464,262.001506475254,261.313849626698,260.745464952904,260.279540825869,259.901074337451,259.596687955471,259.354515539496,259.164119517872,259.016420594392,258.903620168099,258.819101431207,258.757320161536,258.713683888002,258.684427461959,258.666491567081,258.657409291992,258.655204059659,258.658300483553,258.665448365384
7,491.01749598832,491.545525013924,469.923779875398,451.021752143475,434.71424433384,420.651606956908,408.486419801282,397.93340061078,388.743577564723,380.684841303252,373.550104781277,367.168310181576,361.405367286692,356.158204423759,351.347507898148,346.911481855116,342.801175935374,338.977133941401,335.407016341973,332.063928302522,328.925194587401,315.70397473936,305.539097033281,297.495878718292,291.000557881653,285.675446545091,281.259667778234,277.566405747874,274.457966068175,271.830376875479,269.603447852052,267.714128304091,266.111925932577,264.755668302073,263.611190983113,262.649635729995,261.846225350795,261.179371887022,260.630046848636,260.181355130468,259.818254868496,259.527380595157,259.296928453454,259.116566957081,258.977360313004,258.871669236774,258.79304873556,258.736123761274,258.696461409324,258.670441435967,258.655132220562,258.648176728858,258.647691160391,258.652177313255,258.660448467956
8,490.945160733805,491.521659633743,469.873376823635,450.899077816872,434.499609536893,420.343556579946,408.093432916043,397.468336930502,388.221422884059,380.120654504237,372.957045077596,366.556791135834,360.783128596841,355.530846303299,350.71902357575,346.284705871508,342.178119981446,338.359225766734,334.79526784747,331.459043979742,328.327664547654,315.146269199085,305.02130608123,297.01590180882,290.556039584417,285.264250115893,280.879965631263,277.216650003906,274.136831402992,271.536698236476,269.336160661859,267.472213374934,265.894360000507,264.561380503476,263.439028677098,262.498340611349,261.714422606372,261.065574218026,260.532673483512,260.098764078313,259.748784461513,259.469394770884,259.248859927491,259.076956891124,258.944879912122,258.845138362045,258.77143975599,258.718557461033,258.682196739947,258.658861453181,258.64572848412,258.640533512159,258.641470596944,258.647106031714,258.656305958332
9,490.873942410524,491.49888230574,469.831087432154,450.795132558575,434.315776247707,420.07739019312,407.751552383952,397.061592018088,387.76286414999,379.623644596838,372.433436105073,366.016031797453,360.232288054493,354.975044520408,350.161921266892,345.728906901418,341.625476094457,337.811046980319,334.252480618672,330.922308951171,327.797433325136,314.651443207962,304.562108546452,296.59052297434,290.162410876651,284.900485255313,280.544441164028,276.907983848263,273.853832502707,271.278311315655,269.101412885049,267.260165250206,265.704061520364,264.391832975312,263.289155623376,262.366970930412,261.600280013991,260.967286889312,260.44879363742,260.027799449085,259.689236974499,259.419801366464,259.207830393134,259.04320457648,258.917242799343,258.822590016777,258.753091161409,258.703651509197,258.670097773661,258.649042071646,258.637755174782,258.634052577712,258.636195070438,258.642804026627,258.652790607203
10,490.803619114799,491.47671425949,469.794907371233,450.705469488131,434.155700790869,419.843793244155,407.449652320628,396.70067586939,387.354428540254,379.179702083479,371.964768078426,365.531306331707,359.738025316748,354.475978621806,349.661438061283,345.229418207968,341.128694336141,337.318194407768,333.764424848533,330.439654284825,327.320611601226,314.206512935245,304.149387595167,296.208428480926,289.809104886937,284.574275658677,280.243866319827,276.631793015673,273.600941340677,271.047752194763,268.892286744088,267.071597263725,265.535159720641,264.241663532201,263.156704839186,262.251138869009,261.499874773705,260.881033651093,260.375355567554,259.965808136375,259.63732843086,259.376652866745,259.172193593701,259.013931476026,258.893302631793,258.803077049313,258.737224510931,258.690768783326,258.659644710011,258.640560046299,258.630868077605,258.628454100511,258.631637045943,258.639086135968,258.64975154854
11,490.73404012857,491.454842574093,469.763466232652,450.627009240165,434.014454658436,419.636195581641,407.179843389584,396.376691344293,386.98651056568,378.778740388573,371.540663324125,365.092076747534,359.289726289981,354.023019981808,349.206980462687,344.775714045175,340.67734686899,336.870341816645,333.320883542532,330.000994109943,326.887230774061,313.802163297488,303.77445460412,295.861513349157,289.488550264133,284.278549574278,279.971638207445,276.381918867119,273.372423771542,270.839694597022,268.703852259499,266.901964220267,265.383488905305,264.107068167362,263.038228526388,262.147743968627,261.410441227189,260.80436952466,260.310218212637,259.910933480753,259.591464518955,259.338593250291,259.140806526486,258.988182032372,258.8722663385,258.78594528145,258.723302898919,258.679470342016,258.650479694679,258.633124187434,258.624830484122,258.623545707355,258.627640121251,258.635825086917,258.647085075702
12,490.665098757452,491.433056900655,469.735790288427,450.557539144825,433.888450156214,419.44979677892,406.936333242639,396.083085792625,386.652010400792,378.41329797584,371.153432102817,364.690524030637,358.879515710372,353.608286113782,348.790690899092,344.359985603821,340.263687563853,336.45982581994,332.914269719608,329.598834540252,326.489899611127,313.43148110484,303.430862846752,295.543760091342,289.195132791545,284.008067489537,279.722867908207,276.153804844836,273.164040943736,270.650206959913,268.532472634329,266.747917277856,265.245978845732,263.985252477883,262.931198822413,262.054516894945,261.329959229763,260.735512473115,260.251824560976,259.861828375695,259.550491092628,259.30464300875,259.1128452343,258.965268685274,258.853564195285,258.770725422203,258.710941608847,258.669441956272,258.64234674235,258.626526304032,258.619473212783,258.619189929896,258.62409253913,258.632929932276,258.644717071449
13,490.596716861039,491.41121333373,469.711154868174,450.49542073536,433.775011911167,419.280987527472,406.714743885649,395.814894251669,386.345538062364,378.07769958531,370.797220794807,364.320691264754,358.501388000236,353.225766260047,348.406576242148,343.9762760041,339.881808818531,336.080794432628,332.538809647866,329.227456957931,326.122970976061,313.089191853286,303.113695046127,295.250588454316,288.924577718793,283.758838235652,279.493833582017,275.943984548161,272.972570710638,270.476301645579,268.375388688967,266.606918674325,265.120307506802,263.874104661137,262.833708409632,261.969748384017,261.256910065787,260.673125446118,260.199008795656,259.817486263217,259.513547533821,259.274073173106,259.087697627541,258.944681509895,258.836774282298,258.757070357051,258.699856370825,258.660451626932,258.635056971383,258.620612846962,258.614671520682,258.615285423541,258.620911912902,258.630333622709,258.642592886959
14,490.52883555544,491.389212598335,469.689042714429,450.43941004075,433.672092218601,419.126982360934,406.511698975429,395.568266197484,386.062904446658,377.767527925617,370.467468797237,363.977939921957,358.150669150985,352.870770714089,348.049959531244,343.619935876862,339.5270992506,335.728681504393,332.1899821397,328.882404409579,325.782038332691,312.771178157047,302.819113548006,294.978418738926,288.673547656153,283.527750832694,279.281635827553,275.74975932827,272.795506451825,270.315656968585,268.230457819927,266.476999870289,265.004675867742,263.771988649675,262.744283760748,261.892120058505,261.190124367662,260.616180838506,260.150876605508,259.777136466203,259.479976129655,259.246327627778,259.064897521263,258.926032705812,258.821576140734,258.74471673125,258.6898317028,258.652323617962,258.628467382383,258.615267609862,258.610331024294,258.611755506782,258.618035906672,258.62798542364,258.640671164696
15,490.46140937266,491.366986243037,469.6690315057,450.388542469303,433.578091386096,418.985610344906,406.324527699574,395.340156177604,385.800789593791,377.479277349843,370.160553347059,363.658577847494,357.823633134137,352.539569121158,347.717119788725,343.287265670297,339.195889175437,335.399853107122,331.864193091111,328.560122780645,325.463591827094,312.474163286377,302.544065122422,294.724405620804,288.439388554948,283.312331433802,279.083971645434,275.568986956188,272.630859759513,270.16643268882,268.095983259166,266.356603521484,264.897662309512,263.67761906283,262.661763557911,261.820594450462,261.128683418049,260.563872681622,260.10672779067,259.740176638394,259.449263700493,259.220973165518,259.04408230402,258.909021033422,258.807721129647,258.733460409698,258.680700710001,258.644921903188,258.622467332598,258.610400709372,258.606378734307,258.608540925901,258.61541635143,258.625846128249,258.638919942802
16,490.394402453077,491.344487604309,469.650793351809,450.342056438577,433.491737641478,418.855121089067,406.151090142768,395.128114729034,385.556518142632,377.210119098747,369.873548578721,363.359622934167,357.517270472309,352.229144842426,347.4050473715,342.975272664173,338.885209755232,335.091369145336,331.558534510804,328.257735645833,325.164799170326,312.195493738824,302.286079840012,294.486248224696,288.219959632576,283.110585252947,278.898981141147,275.399938291086,272.47702670755,270.027145503715,267.970598584074,266.244476683437,264.798124308771,263.589958745367,262.585216778797,261.754340978327,261.071852870726,260.515557773362,260.066004464513,259.706127635231,259.421002672298,259.197666238155,259.024964804193,258.89340741484,258.79501278221,258.723140234217,258.672331723734,258.638139226412,258.616969643262,258.605941343457,258.602757165546,258.60559495858,258.613015266497,258.623884820499,258.637314011727
17,490.327785983729,491.321670510778,469.634069178098,450.299341177929,433.412004472607,418.734091537603,405.989644450217,394.930142938552,385.327902815191,376.957737567467,369.604057364138,363.078630598221,357.229113148517,351.93701965768,347.111273015172,342.681501160409,338.592624670638,334.800816739998,331.270619773453,327.972890059654,324.883328653853,311.932998614614,302.043131191063,294.26205918298,288.013501152567,282.920873437327,278.72513916539,275.241197722743,272.332695032865,269.896582723506,267.853187329613,266.139596538326,264.705130133778,263.508164490603,262.513886055088,261.692684977192,261.01903692874,260.470715040909,260.028255355564,259.674602463358,259.394864337354,259.176130154591,259.00731402567,258.879001982681,258.783293387645,258.713626940563,258.664619217287,258.63188966929,258.611904465753,258.601832798306,258.599420277915,258.602880224705,258.610802263401,258.622076761546,258.635833197862
18,490.261536427481,491.298543464861,469.618664543666,450.259900123674,433.338052276759,418.621373902577,405.838754543368,394.744588748666,385.113132702898,376.720213281091,369.350089052488,362.813571646817,356.95711182542,351.661145380831,346.833745396079,342.403910829446,338.316109557011,334.526190888192,330.998465618467,327.703623437305,324.617244842058,311.684867705743,301.813535517065,294.050270886399,287.818553329537,282.741836949214,278.561184338514,275.091591208058,272.196777033574,269.77373983603,267.742825578765,266.041117446966,264.617910195343,263.43154057348,262.447147118614,261.635070962073,260.969745793848,260.42891677491,259.993110576083,259.645284367974,259.37058001315,259.156139037923,258.990941613042,258.865647995524,258.772434601138,258.704815410732,258.657477402741,258.626103415329,258.607215084641,258.598029033694,258.59633070097,258.60036637438,258.608752668872,258.620401864118,258.634461118651
19,490.195634269498,491.275077016224,469.604400424916,450.223324667615,433.26918625526,418.515994617328,405.697222986703,394.570071423628,384.910691760094,376.495937430967,369.109979413379,362.562743096447,356.699545925849,351.399792586004,346.570741658653,342.14078793414,338.053963798107,334.265807142164,330.740405732612,327.448289089738,324.364918946996,311.449582174117,301.595878624619,293.849566919152,287.633890678918,282.572335306316,278.406054917835,274.950134534505,272.068361397529,269.657775772207,267.638740390415,265.948332321397,264.535821641259,263.359506433372,262.384479659975,261.581036536264,260.923572415526,260.389807815917,259.960263391715,259.617911023272,259.347927468339,259.137506283516,258.975692125648,258.853216879599,258.762330682019,258.696619097331,258.650835700158,258.620723048197,258.602854865489,258.594492200168,258.593457715271,258.598028460394,258.606846201165,258.618843614827,258.633184304607
20,490.130052747635,491.2512763886,469.591135859462,450.189274955963,433.204825437098,418.417142176944,405.564041274509,394.405425477733,384.719298214323,376.283548289856,368.882313532216,362.324701681549,356.45495680125,351.151497653007,346.320800524914,341.890678613648,337.804744761555,334.018236502461,330.495026728876,327.205490152201,324.124976643917,311.225850689217,301.38896099187,293.65883097278,287.45847201041,282.411402016381,278.258852735961,274.815994343315,271.946676934482,269.547979259611,267.540278410153,265.860644283696,264.458322073733,263.291572722948,262.325443603125,261.530192813809,260.880174660433,260.353090118592,259.929456792377,259.592262902411,259.32672095077,259.120076089994,258.961435916015,258.841601481473,258.7528927559,258.688965977857,258.644635399898,258.615700825563,258.598785041357,258.591190838845,258.590775790549,258.595845750041,258.605066004237,258.61738828833,258.631991559029
21,490.064797597876,491.227137020607,469.578753080455,450.15746559736,433.144479496027,418.324128971669,405.438346057107,394.249658352788,384.537858767859,376.081883103678,368.665883994103,362.098213516008,356.222096993068,350.915008603586,346.082668454371,341.652339065321,337.567218015834,333.782256163411,330.261118703688,326.974030979515,323.896234570254,311.012576054856,301.191756223747,293.477108053589,287.291413405742,282.258210861303,278.118810174024,274.688457455283,271.831065256743,269.44374337065,267.446882533607,265.777544518115,264.384949849594,263.227323274043,262.269670630752,261.482209767001,260.839262604165,260.318511626658,259.900473388159,259.568154573346,259.306803733571,259.103717141011,258.948063808103,258.830711646773,258.744048431357,258.681795530316,258.638827189125,258.610996660016,258.594973068869,258.588098545152,258.58826349991,258.593800843097,258.603397930848,258.616024364041,258.630873482685
22,489.999844772802,491.202662042513,469.567152815589,450.127654860013,433.087731132728,418.236364697501,405.31941531862,394.101914797538,384.365433463989,375.889941153205,368.459650903724,361.882215400408,355.999891259176,350.689246058796,345.855274120356,341.424696587596,337.340318901963,333.55681139954,330.037638313554,326.752880387461,323.677674562243,310.808804851883,301.003379436289,293.303575121808,287.131946900427,282.112049919797,277.985266124993,274.56691380563,271.72095985684,269.344546208143,267.358074036132,265.698596182299,264.315308697267,263.166401263587,262.216840008814,261.436804969573,260.800588366442,260.285856774311,259.873127954997,259.545428084176,259.288042457736,259.088317804753,258.935483076766,258.820470863343,258.735734105564,258.67505645157,258.633369283928,258.606576595136,258.591391387785,258.585192960681,258.585902701052,258.591879006764,258.601830001968,258.614742086196,258.629822115262
23,489.935189133129,491.177857289514,469.556250702953,450.099636384721,433.034222500615,418.15334949702,405.206609607403,393.961464290359,384.201205121324,375.706854988548,368.26271224747,361.675784681764,355.787406203462,350.473272828993,345.637678165932,341.206819583782,337.123122730331,333.340986132856,329.8236792469,326.541142705517,323.468411894227,310.613710786041,300.82306184618,293.137517090295,286.979407773834,281.972301410691,277.857647099535,274.450830690516,271.615869748421,269.249935690674,267.273438488912,265.623421376161,264.249056161599,263.108498480754,262.16667665737,261.393735011746,260.763938568105,260.254940320552,259.847261120665,259.523947864757,259.270322775746,259.073782454479,258.923614356074,258.810813689268,258.727896107084,258.668704909057,258.628225998355,258.602411638368,258.588016471404,258.582455001559,258.583677909544,258.590067666569,258.600351993003,258.613533127138,258.628830660971
24,489.870818924115,491.152730509206,469.545974522275,450.07323275617,432.98364461727,418.074642530041,405.099375447312,393.827662510104,384.044470665288,375.531867816165,368.074280536894,361.478115491763,355.583826326423,350.266269928947,345.42906243138,340.997893748895,336.914821182961,333.133979523175,329.618449199039,326.338034820176,323.267673233863,310.426571773701,300.65013162164,292.978309337796,286.833215279357,281.838425758172,277.73545238396,274.339744299281,271.515366624869,269.159517658444,267.192614774894,265.551691025434,264.185894248328,263.053347157899,262.11894162855,261.352788645837,260.72912818738,260.225601774614,259.822735156851,259.503596750367,259.253545958523,259.060028596654,258.912389233659,258.801683752781,258.720488229608,258.662703184329,258.623366635282,258.59847685683,258.584828090938,258.579868260809,258.581575813595,258.588356012344,258.598955113527,258.612390326734,258.62789327613
25,489.806726050615,491.127290805287,469.536262030925,450.048290449855,432.935729009689,417.999861923493,404.997237912424,393.699947974454,383.894604953158,375.36431228591,367.893664197839,361.28849980287,355.38843493241,350.067517453094,345.228707634837,340.797203119262,336.714703508898,332.935087366028,329.421251427144,326.142868117088,323.074778511916,310.246750383041,300.483998061066,292.825402721248,286.69285903841,281.709948817323,277.618242189894,274.233247691985,271.419073240339,269.07294640109,267.115286348383,265.483116866122,264.125562110006,263.00071281711,262.073426129352,261.313781493839,260.695995975293,260.19770155267,259.799430101706,259.484272797379,259.237626154562,259.046984526653,258.901748255528,258.793032061975,258.713470305875,258.657018606923,258.618764614742,258.594750666989,258.581808737967,258.577418539258,258.579584893151,258.586734688861,258.597631755842,258.611307487718,258.627004902352
26,489.742895605361,491.10154822504,469.527059254175,450.024675822781,432.890241055413,417.928672884125,404.899771267661,393.577826345596,383.751059618276,375.203608522133,367.720252598461,361.106312208755,355.200598747431,349.876379163699,345.035977992275,340.604114762311,336.522141382698,332.743687090317,329.231469951741,325.95503377897,322.88912646076,310.073690044971,300.324138942531,292.67831185518,286.557888057134,281.586452094126,277.505628255362,274.130981358666,271.32666077361,268.989917045088,267.041174211675,265.417444978917,264.067830135209,262.950389394049,262.029946635832,261.276551579289,260.664400289146,260.171116949337,259.777241031855,259.465887000273,259.222488570494,259.034587938854,258.891639919699,258.784816326976,258.706807798725,258.65162269198,258.6143967669,258.591214256838,258.578943153262,258.575093461873,258.577695107715,258.585195541745,258.596375288038,258.610279206903,258.62616112863
27,489.679336019039,491.075513444174,469.518319121119,450.002271900396,432.846974624115,417.860780368858,404.806602101728,393.460860197573,383.61334880004,375.049233716217,367.553503886285,360.930997492907,355.019755471883,349.692290024972,344.850308827078,340.418063269039,336.336576593152,332.559225574889,329.048557488792,325.773990875398,322.710182852527,309.906889599608,300.170090562728,292.536605833512,286.427901971784,281.467563609593,277.3972659123,274.032626510641,271.237833723157,268.910159375662,266.970031218753,265.354450575481,264.012495193886,262.902194683537,261.988341056353,261.240955995003,260.634216335765,260.145740066241,259.756075451052,259.448360859751,259.20806716249,259.022783701576,258.882018515386,258.776998862964,258.700469781783,258.646490546101,258.610242858401,258.587851209159,258.576218027308,258.572882239594,258.575897706655,258.583731466123,258.595179933013,258.609300778433,258.625358113925
28,489.616034171653,491.049197523152,469.510000366425,449.980975778928,432.805747728446,417.795923116546,404.71739901646,393.348660655939,383.481040022882,374.90072481497,367.392935030375,360.762060524325,354.845403463997,349.514745855234,344.671196149443,340.238553213833,336.157510892032,332.381209097612,328.872025502495,325.5992565116,322.537470753224,309.745903909989,300.021438836557,292.399899905731,286.302543516394,281.352951916569,277.292847927102,273.937899021386,271.152330162769,268.833432786496,266.901637420046,265.293933720461,263.959376732794,262.855966848479,261.948465529775,261.206868008449,260.605333535137,260.121475365519,259.735851631075,259.43162513181,259.194303794389,259.011523407247,258.872844028342,258.769546797332,258.694429384334,258.641600156318,258.60628498872,258.584646992154,258.573621572902,258.57077531235,258.5741849322,258.58233616033,258.594040564388,258.608368024503,258.62459244645
29,489.552984711894,491.022611719905,469.502066638719,449.960696508037,432.766398966099,417.73386875402,404.631866598919,393.240880520614,383.353746678141,374.757667518043,367.238110502761,360.599057867805,354.677093361944,349.343294936223,344.498188471672,340.065131934461,335.984497954995,332.209195340729,328.701436337231,325.430398154605,322.370563016386,309.590333949337,299.877812798243,292.267849477639,286.181492673498,281.242320107699,277.192099152748,273.846544533642,271.069915639024,268.759520783614,266.835796225336,265.235715814801,263.90831356928,262.81156151522,261.910191815272,261.174174737285,260.577653472368,260.098237888039,259.716496948417,259.415618327612,259.18114686903,259.000764109116,258.864080964714,258.762430970216,258.688662764825,258.636932100453,258.60250737654,258.581588803316,258.571143411745,258.568764267026,258.572549960017,258.581004082397,258.592952674711,258.607477272295,258.623861127219
30,489.490182736187,490.995767342746,469.494485771111,449.941353352006,432.72878458633,417.674409747848,404.549732772428,393.137208525032,383.231121791465,374.619687897842,367.088647763627,360.441590820995,354.514421027586,349.177530936105,344.330879476811,339.897394750447,335.817135888759,332.042786062033,328.536395915631,325.267026236999,322.209074880226,309.439820693066,299.738878679874,292.140144542738,286.064461653904,281.135401194896,277.094772495582,273.758334737877,270.990379862789,268.688232790774,266.772331172228,265.179636677728,263.859161232304,262.768849366713,261.873405130192,261.142773379991,260.551088199513,260.075951771798,259.697946606925,259.400285626328,259.168550415602,258.990467566005,258.855697735098,258.755625439512,258.683148681419,258.6324690711,258.598895955306,258.578665226755,258.568774286235,258.566841596099,258.570986698005,258.57973028324,258.591912237262,258.606625239432,258.623161474921
31,489.427623726367,490.968675642332,469.487229180055,449.922874351634,432.692776056475,417.617357135959,404.470774919643,393.037358396947,383.112852766645,374.486453966007,366.944193200476,360.289299587001,354.357021664613,349.01708701555,344.168902373765,339.734976375163,335.655061939408,331.881621732295,328.376548454062,325.108789087652,322.052659040299,309.294039904056,299.604335084721,292.016505206938,285.951190659153,281.031954329616,277.00064476541,273.673063417,270.913532881387,268.619393517997,266.711083491891,265.125552096878,263.811789726571,262.727714113168,261.838002320721,261.112576895228,260.525558820381,260.054549016249,259.680142570171,259.385577962553,259.156473314009,258.980599591654,258.847666113722,258.749107034858,258.677868313314,258.628195762366,258.595438307498,258.57586620537,258.566506053663,258.565000705737,258.56948980251,258.578510427001,258.590915728271,258.605809056766,258.622491148635
32,489.365303498004,490.941334067312,469.480271366744,449.905176718591,432.658258028716,417.562549256251,404.394771683951,392.941089414757,382.998657066339,374.357660428094,366.804429460408,360.141858366591,354.204564864305,348.861630857751,344.011924840172,339.577545811316,335.497947373309,331.725376548117,328.221571544131,324.955367892887,321.901000682754,309.152697764659,299.473908921738,291.896677907929,285.841444411531,280.931759816541,276.909514024212,273.590544081514,270.839203020736,268.552845464843,266.651909452546,265.073331844362,263.766081750199,262.688050911796,261.803890476437,261.083501955849,260.500994272599,260.033968447066,259.66303266676,259.371451260841,259.144878665613,258.971129532986,258.839960809971,258.742855009099,258.672804605278,258.62409827379,258.592123130464,258.573182559169,258.564331264629,258.563235550442,258.568054364081,258.577340522139,258.589959897372,258.605026072416,258.621847979996
33,489.303218157351,490.91378025471,469.473589500847,449.888238302251,432.625126631926,417.509832134138,404.321529373516,392.848166582004,382.888278449407,374.233031793591,366.669068361483,359.998971201161,354.056750407321,348.710860459141,343.859644827783,339.424802190427,335.34549336483,331.573754334875,328.071172057124,324.806473242205,321.753813583302,309.015527174406,299.347349809749,291.780432199803,285.735009084723,280.834622433586,276.821196872271,273.510607413685,270.767234466647,268.488445831608,266.594678839978,265.022857824073,263.721930961597,262.649764743006,261.770985421789,261.055474633211,260.477330489218,260.014154845478,259.646569839001,259.357865793975,259.13373321183,258.962029769616,258.832559040263,258.736850673303,258.667942332971,258.620164220841,258.588940372842,258.57060614225,258.562243320178,258.561540783355,258.566676047011,258.576217048448,258.589041881793,258.604273953773,258.621230064311
34,489.241353989058,490.88601173649,469.467163071045,449.871989752775,432.593288028399,417.459068904104,404.250872246687,392.758381757183,382.781483831676,374.112317281051,366.537847424199,359.860368432773,353.913304688092,348.564500542578,343.711786987215,339.2764712165,335.197424322241,331.426485050002,327.925082824614,324.661840732621,321.610837090528,308.882284595548,299.224433186693,291.667558019358,285.631689820737,280.740360137368,276.735526245341,273.433099223542,270.697485374602,268.426064670151,266.539271884354,264.97402271484,263.679240794439,262.612769391103,261.739210837432,261.028427986875,260.454509230764,259.99505820864,259.6307115035,259.344785635294,259.123006907993,258.95327536842,258.825440251669,258.731077179157,258.663267004491,258.616382416656,258.585880953925,258.568129592888,258.560236254873,258.559911569327,258.565350929031,258.575136820075,258.588159089526,258.603550587862,258.620635675361
35,489.179727150944,490.858022037313,469.46097359002,449.856384017027,432.562657187921,417.410135252881,404.182640384751,392.671545270666,382.678060588488,373.995287926227,366.410526903718,359.725800626947,353.773977653907,348.422299487028,343.568099603057,339.132302117269,335.05349735021,331.28332178113,327.783059445472,324.521228848994,321.471832464575,308.752747351525,299.104954957885,291.55786334802,285.531308530724,280.648807929071,276.652349529715,273.357878699955,270.629826251633,268.365583393293,266.485583162203,264.926728664907,263.637923245056,262.576986329713,261.708497257066,261.002301149609,260.432477685824,259.976633123413,259.615419012206,259.33217819984,259.112672517253,258.944843737696,258.818585829248,258.725519272186,258.658767649204,258.612742737422,258.58293665707,258.565746250451,258.558304671615,258.558343533901,258.564075461549,258.574096954616,258.587309175351,258.602854062767,258.620063251067
36,489.118324914058,490.829853275836,469.455004344125,449.841378450722,432.533156841489,417.362917953974,404.116687869017,392.587483817895,382.577814238531,373.881734172698,366.286887240792,359.595048088158,353.638540172358,348.284026686386,343.428351957219,338.992065021322,334.913481041086,331.144038193034,327.644877906324,324.384416146795,321.336580989874,308.626711201401,298.988723130388,291.451172192098,285.433702020603,280.559814642677,276.57152694164,273.284816907224,270.564138565275,268.306893492517,266.43351254886,264.880886190923,263.597897869546,262.542343806917,261.678781235577,260.97703853964,260.411187693535,259.95883822869,259.600657188554,259.320013847977,259.102705278847,258.93671435003,258.811978866462,258.720163103076,258.654432234718,258.609235996825,258.580100027851,258.563450072914,258.55644367496,258.556832709357,258.56284642593,258.573094837592,258.586490011917,258.602182644072,258.61951137426
37,489.057144237506,490.801499775091,469.449240179946,449.826934298031,432.504716584042,417.317313608143,404.05288121154,392.506038643491,382.480566445688,373.771463709593,366.166726848575,359.467900529151,353.506781756987,348.149470267434,343.292332050627,338.855548691466,334.777165544901,331.008426257191,327.510332329401,324.251199105855,321.20488165246,308.503988831175,298.87556333521,291.347322847267,285.338720371836,280.473239365938,276.492930127792,273.213795486962,270.500313542657,268.249895430491,266.382969423462,264.836413387814,263.559091112038,262.50877629958,261.650004915153,260.952589536296,260.390595214207,259.941635702535,259.586393851427,259.308265426068,259.093082622313,258.928868503143,258.805603966618,258.714996063873,258.650250479671,258.605853836336,258.577364284695,258.56123556426,258.554648812154,258.555375486877,258.561660894672,258.572128090929,258.585699664137,258.601534753987,258.618978749739
38,488.996182237554,490.772970878022,469.443667321491,449.813016244713,432.477272101753,417.273227557655,403.99109799837,392.427063969544,382.386153288145,373.664299644979,366.049860219369,359.344167116313,353.378508594229,348.018435109842,343.15984462621,338.72255855783,334.644357562742,330.876294351667,327.379233059821,324.121390240161,321.076549273382,308.384407125264,298.765315028643,291.246166387186,285.24622553666,280.388958387594,276.416440951565,273.144705532554,270.438251129316,268.194497678819,266.333870519587,264.793234864687,263.521435246676,262.476223440232,261.622114961892,260.928907478727,260.37066001815,259.924991105759,259.572599839469,259.29690853636,259.083783862385,258.921289038578,258.799446981788,258.71000654535,258.646212893342,258.602588630635,258.574723241911,258.559097711947,258.5529160224,258.553968573898,258.560516196662,258.571194544651,258.584936366051,258.600908952426,258.618464218062
39,488.935426372745,490.744261204683,469.438273212946,449.79959203268,432.450764503803,417.23057293827,403.931225711983,392.350423912103,382.294423752872,373.560078900558,365.936116248051,359.223671764801,353.253541812263,347.890741121403,343.030709446714,338.592915004291,334.514878638486,330.747465565831,327.251404999169,323.99481645097,320.951412882387,308.26780661209,298.65783002671,291.147565348318,285.156090114598,280.306851736443,276.341950436318,273.077446609348,270.377859081974,268.140615895911,266.28613909573,264.751279972373,263.484868046671,262.444629840347,261.595062499705,260.905949627661,260.351345020866,259.908872599027,259.559248056261,259.285920275287,259.074790261956,258.913960517084,258.793495288381,258.70518429384,258.642311191534,258.59943340576,258.572171243026,258.557031932721,258.551241592897,258.552608965963,258.559409894963,258.57029221935,258.584198507046,258.600303926227,258.617966688839
40,488.874883563943,490.715407184218,469.433046382851,449.78663036218,432.425139742202,417.189269868961,403.873160705112,392.275998149273,382.205238421218,373.458650815614,365.825336782627,359.106251673962,353.131716035192,347.766221706348,342.904759788684,338.466451869904,334.388563677835,330.621776227549,327.126686148047,323.871317586513,320.829314295588,308.154039668909,298.552971228662,291.051392579911,285.068196213008,280.226810307749,276.269357786138,273.011925847896,270.319052183046,268.088172173806,266.239704322589,264.710487310421,263.449332101554,262.413944411617,261.568802468697,260.88367661641,260.33261616941,259.893251017348,259.546313763724,259.275279860325,259.066084344486,258.906868418859,258.787736891028,258.70051943487,258.638537269068,258.596381769847,258.569703104571,258.55503402708,258.549622121944,258.551293901868,258.558339749356,258.569419294859,258.583484605618,258.59971846703,258.617485179894
41,488.81456068052,490.686391360453,469.427976326342,449.774107670053,432.40034810631,417.149244729546,403.816807307171,392.203670605512,382.11846831736,373.359875919608,365.717375349601,358.991756017631,353.012877968222,347.644722548936,342.781841095555,338.343015134102,334.265259641107,330.499074610233,327.00492632698,323.750745177927,320.710106867169,308.042969361348,298.450611548946,290.957530170426,284.9824348278,280.148733205277,276.198569824714,272.948057446773,270.261751535701,268.037094420363,266.194500675551,264.67079640765,263.414774346662,262.384119958765,261.543293265477,260.862052117603,260.314442053591,259.878099471024,259.533774165767,259.264968144765,259.057650164412,258.899999564393,258.782160947498,258.696003107478,258.634883914233,258.593427848861,258.567314063517,258.553100136429,258.548054484109,258.550020850121,258.557303706203,258.568574102741,258.58279330378,258.599151467233,258.617018785844
42,488.754446195728,490.657245734827,469.423053402625,449.761997255705,432.376343780776,417.110429535427,403.762077020742,392.133335379415,382.033993895902,373.263624853321,365.612096032332,358.880044797023,352.896885312398,347.526100262202,342.661809923051,338.222461758351,334.144824393887,330.379219794233,326.885986050057,323.63296132604,320.593654390106,307.934468784899,298.350632911999,290.865868859896,284.898704451202,280.072526554043,276.129499859059,272.885761505641,270.205883963514,267.98731578946,266.15046742079,264.632152433792,263.381145641239,262.355112798317,261.518496402788,260.841042542706,260.296793647594,259.863393124773,259.521608217434,259.254967455586,259.049473005036,258.893341788741,258.776757412935,258.691627084201,258.631344411529,258.590566141501,258.564999736046,258.551226709713,258.546535803204,258.548787480026,258.556299874781,258.567755106892,258.582123351294,258.598601907139,258.616566673141
43,488.694537806648,490.627966217718,469.418268745652,449.750276152841,432.353084457733,417.072761386398,403.708887855107,392.064894199641,381.951698445482,373.169777416919,365.509372480911,358.770987827943,352.783602742702,347.41022151055,342.544532747235,338.10465866364,334.027125691826,330.262077649958,326.769735529852,323.517837718001,320.4798301251,307.82841953617,298.252925637481,290.776306711682,284.816910818769,279.998103142608,276.062067384975,272.82496394829,270.151381468292,267.93877418565,266.107548161925,264.594504495546,263.34840039372,262.326882421824,261.494376209383,260.820616777849,260.279644078831,259.849108997628,259.509796454463,259.245261458649,259.041539255046,258.88688383811,258.771517244946,258.687384035542,258.6279128517,258.587791912346,258.562756049644,258.54941044419,258.545063400887,258.547591618285,258.555326489658,258.566960870988,258.581473577309,258.598068830182,258.616128058325
44,488.634833296773,490.59856011775,469.41361418567,449.738923158503,432.330530995491,417.036181980563,403.65716369439,391.99825576011,381.87148991367,373.078221727311,365.409087035515,358.664463843687,352.672912844426,347.296962047007,342.42988512848,337.989481765903,333.912040281077,330.147531929445,326.656053795718,323.405254755889,320.368515939675,307.724711386013,298.157387289631,290.688748878695,284.736966082508,279.925381728063,275.996197399334,272.765595754275,270.098180753682,267.891411826012,266.065690438433,264.557805270588,263.316496230465,262.299391198208,261.47089954163,260.800745260558,260.262968423293,259.8352257868,259.498320840872,259.235835021033,259.033836368727,258.880615367476,258.766431757398,258.683266815768,258.624583370942,258.58510034801,258.560579345588,258.547648388298,258.543634896411,258.546431343599,258.554381998753,258.566190139488,258.580842964587,258.597551410812,258.615702270323
45,488.575330528729,490.569034428732,469.409082180222,449.727918660532,432.308647117234,417.00063718451,403.606833761106,391.933335051635,381.793266580465,372.988853470159,365.311129947833,358.56035969827,352.564697622533,347.186205904026,342.317750929674,337.876815433542,333.79945302057,330.035465592816,326.544827910262,323.295100690194,320.259601544116,307.623241424245,298.063922339534,290.603106822512,284.658788257122,279.854286504896,275.931819961376,272.707592550999,270.04622280233,267.845174851046,266.024845369323,264.522010683116,263.285392398447,262.272604105906,261.448035654336,260.781402554804,260.246743524153,259.821723709878,259.487164645614,259.226674117643,259.026352639151,258.874526694275,258.761493055594,258.679268982315,258.621350732303,258.582487206627,258.558466097891,258.545937676425,258.542247960601,258.545304761463,258.553464859215,258.565441653818,258.580230484291,258.597048805943,258.615288616335
46,488.516027437951,490.539395840583,469.404665753518,449.717244492238,432.287399144245,416.966076652023,403.557832134677,391.870052809095,381.716938655728,372.90157523404,365.215398687841,358.458569656739,352.458849517893,347.077844667108,342.208021647469,337.766551316577,333.689256525886,329.92577188925,326.435952271092,323.187271321786,320.15298369357,307.523913423651,297.972439244128,290.519297763877,284.58230070875,279.784746621476,275.868869707443,272.650894132118,269.995452439736,267.800012930446,265.984967286672,264.487079553425,263.255054704353,262.246488517176,261.42575580717,260.762562951978,260.230947831939,259.808584368012,259.476312302516,259.217765698428,259.019077228429,258.868608874388,258.756693803506,258.675384546968,258.618210065925,258.579948538238,258.556413107986,258.544275720459,258.54090049934,258.544210176439,258.552573696849,258.564714298445,258.579635229194,258.596560276207,258.614886492444
47,488.456922026965,490.509650750034,469.400358442716,449.706883787594,432.266755759145,416.932453485028,403.510097322754,391.808335009862,381.642422216378,372.816295916155,365.121797324839,358.358994761445,352.355267846084,346.97177686278,342.100595577571,337.658588060618,333.581349907234,329.818351091086,326.329327960695,323.081668756455,320.048566073292,307.426637271759,297.882858777933,290.437244199517,284.507431698302,279.716695713926,275.807285422666,272.595444423025,269.945818267656,267.75587917196,265.94601367948,264.452973649486,263.22544750496,262.221013957758,261.404033230587,260.744203123865,260.215561259311,259.795790618302,259.465749322712,259.209097625856,259.012000051068,258.862853586454,258.752027175956,258.671607938277,258.615156840125,258.577480666146,258.554417397413,258.542660109187,258.539590560482,258.54314600696,258.551707228791,258.564007031154,258.579056350999,258.596085129679,258.614495332959
48,488.398012360402,490.479805271619,469.39615425039,449.69682087127,432.246687795118,416.899723931304,403.46357187842,391.748112425639,381.569638718367,372.732930190642,365.030235973474,358.261542264622,352.253858222904,346.867907322442,341.995377411056,337.552830628639,333.47563871284,329.713109410551,326.22486230028,322.978201303874,319.946258020544,307.33132846189,297.795100321377,290.356873462001,284.434113936403,279.650071768104,275.747009910527,272.541190593787,269.897271898146,267.712729465651,265.907944550024,264.419656839631,263.196538666294,262.196151942263,261.38284290032,260.726301326856,260.20056332427,259.783326466755,259.455462193426,259.2006585848,259.005111708151,258.857253077778,258.747486815508,258.667933967293,258.612186834585,258.575080166257,258.552476192178,258.541088596671,258.538316325454,258.542110779436,258.550864259538,258.563318880466,258.57849305873,258.59562272095,258.614114610033
49,488.339296560464,490.44986524867,469.392047602175,449.687041149658,432.227168047831,416.867847114242,403.418202057621,391.689320220939,381.498514509886,372.651398031597,364.940630296663,358.166125119201,352.154532048711,346.766146713966,341.892277660795,337.449189780631,333.372034243277,329.609958906164,326.122468166357,322.876782859372,319.845974342835,307.237907636162,297.709090228237,290.278117324627,284.362284375216,279.58481635688,275.687989300874,272.488083201459,269.849768051067,267.670522541113,265.870722474274,264.387095503181,263.168298091768,262.171875805891,261.36216140786,260.708837201409,260.185939937189,259.771176968395,259.445438293921,259.192438011528,258.998403428174,258.851800115494,258.743066792535,258.664357795239,258.609296114402,258.572743846377,258.550586906307,258.539559089277,258.537076098965,258.54110312011,258.55004367451,258.562648940612,258.577944614888,258.595172448227,258.613743831436
50,488.280772802894,490.419826360442,469.388033309132,449.677531015994,432.208171107232,416.836784790754,403.373937511869,391.631890150701,381.428980497533,372.571624284338,364.852901058574,358.072661520767,352.057206044544,346.666411058788,341.79121219146,337.347581609173,333.270453090928,329.50881681717,326.022063670658,322.777332475952,319.747635147611,307.146300174378,297.624759254341,290.200911645933,284.291883613435,279.520874656751,275.630173055333,272.436075795914,269.803264198731,267.629219646113,265.834312301216,264.355258037181,263.140697554759,262.148160548999,261.341966813689,260.69179167862,260.171672978691,259.759328138983,259.43566582011,259.184426029982,258.991867013729,258.846487942336,258.738761568855,258.660874903782,258.606481005893,258.570468726603,258.548747126036,258.538069632884,258.535868298757,258.540121746845,258.549244433455,258.561996366199,258.577410331083,258.59473374973,258.613382537641
51,488.222439313403,490.38971336223,469.384106534071,449.668277765973,432.189664370968,416.8065011339,403.33073101193,391.575779723358,381.360971736091,372.493538279094,364.766973721725,357.981074494674,351.961801833851,346.568621311269,341.692101803484,337.247927124503,333.170816737411,329.40960529681,325.92357171697,322.679773883333,319.651165136411,307.056435822936,297.542042212565,290.125196041342,284.222855797856,279.458195076954,275.573513624501,272.385124683593,269.757720347066,267.588784342223,265.798681175456,264.324114714562,263.113710490804,262.12498140863,261.322238532301,260.675146874791,260.157747065486,259.747766875701,259.42613371682,259.176613394504,258.985494793501,258.841310236755,258.734565964809,258.657481068039,258.603738074573,258.568252021449,258.546954595282,258.536618401151,258.534691446072,258.539165461362,258.548465564134,258.561360367068,258.576889563883,258.594306100362,258.613030299087
52,488.164294364368,490.359521825151,469.38026276163,449.65926952182,432.171642904135,416.776962537205,403.288538198837,391.520928091672,381.294427116613,372.417073482158,364.682778083145,357.891291523011,351.868245564588,346.472700154714,341.594871853456,337.150151876521,333.073051159836,329.312250941441,325.826919637581,322.58403525207,319.556493330332,306.968248359633,297.460877660976,290.050913627721,284.155148296705,279.396729010026,275.51796621691,272.335188714183,269.713098835534,267.549182327086,265.763797938624,264.293637705238,263.087312126431,262.102318884454,261.302957196512,260.658885959996,260.144147691473,259.736480885795,259.416831616846,259.168991438286,258.979279579058,258.836261076994,258.730475129624,258.654172332254,258.601064105299,258.566091123644,258.545207202506,258.535203684827,258.533544157001,258.538233142249,258.547706156661,258.560740203723,258.576381711072,258.593889008613,258.612686713673
53,488.106336271922,490.329256616538,469.376497770352,449.650495164073,432.154077339531,416.748137438273,403.247317359124,391.467284726108,381.229289072322,372.342167180331,364.60024794496,357.80324420692,351.776467567069,346.378582914071,341.499451910428,337.054185612468,332.977086520869,329.216684480827,325.732038763509,322.490048673781,319.463552744704,306.881675290008,297.381207620527,289.978010703757,284.088711456166,279.336430605986,275.463488589912,272.286229087606,269.66936416196,267.510381306902,265.729633344333,264.263800632614,263.061478876082,262.080151001152,261.284104690248,260.642993237261,260.130861457775,259.725458570199,259.407749709099,259.161551902708,258.973214625941,258.831334908762,258.726484514703,258.65094498789,258.59845608436,258.56398358957,258.543502968862,258.533823882178,258.532425134709,258.537323738649,258.546965358381,258.560135183147,258.575886208264,258.593482013824,258.612351404506
54,488.0485633933,490.298903677523,469.372807610045,449.641944270134,432.136945437338,416.719996159321,403.207029221449,391.414802008348,381.165503311416,372.268760194815,364.519320815816,357.716867960367,351.686402043589,346.286200422907,341.405775444057,336.959961966802,332.882856838507,329.122840472512,325.638864501023,322.397750304716,319.372279987612,306.79665757179,297.302977318792,289.906436555399,284.023498379509,279.277256567493,275.410040859969,272.23820917746,269.626482839205,267.472350770487,265.696159804803,264.23457870757,263.036188641637,262.058458149461,261.265663821761,260.62745377965,260.117875477093,259.714689201406,259.398879028917,259.154287442015,258.967293485289,258.826526516031,258.722589849564,258.647795553875,258.595911183349,258.561927126148,258.541840037579,258.532477490334,258.531333162448,258.536436264611,258.546242369279,258.559544655088,258.575402525865,258.593084683715,258.612024017886
55,487.990974124419,490.268504252143,469.369188578432,449.633607058831,432.120234037248,416.692505934732,403.16763677227,391.363435014058,381.103018574767,372.196796630592,364.439937639498,357.632101731801,351.597986786372,346.195489911411,341.313779541054,336.867418177047,332.790299711789,329.030657010507,325.547332511488,322.307079417753,319.282615447232,306.713139364397,297.226134957134,289.836143226853,283.95946472634,279.219165963672,275.357585330308,272.191094372184,269.584423207922,267.435061919354,265.663351269827,264.205948527642,263.0114205632,262.037221899583,261.247618453486,260.612253586564,260.105177731975,259.704162456808,259.390210841045,259.147190671906,258.961510471949,258.821830901418,258.718786997751,258.644720758759,258.593426744602,258.559919578966,258.540216664306,258.531163097504,258.530267097218,258.53556979393,258.545536437818,258.55896800867,258.574930166337,258.592696612139,258.611704221478
56,487.9335668977,490.238044482842,469.365637201973,449.62547434028,432.103923188709,416.665649996044,403.129100321911,391.313141315438,381.041786415581,372.12622360039,364.36204254801,357.5488877508,351.511162920712,346.106391965936,341.223404647068,336.776494829667,332.699356065482,328.940075530223,325.457390591013,322.217978650147,319.194502310293,306.631067800743,297.150631498092,289.76708532364,283.896568529852,279.162120060651,275.30608628703,272.144851935922,269.54315533653,267.398487524699,265.631183115772,264.177887978133,262.987154934756,262.016424840471,261.229953344873,260.59737944829,260.09275688818,259.69386871292,259.381737037443,259.140254825911,258.955859797216,258.817243675318,258.715072479039,258.641717438422,258.591000166574,258.557958921561,258.538631208411,258.529879375898,258.52922586406,258.53472345554,258.544846857175,258.558404669353,258.574468661707,258.592317417072,258.611391702652
57,487.87634018004,490.207528423119,469.362150217948,449.617537470477,432.087996562306,416.639398774762,403.091396325003,391.263880801423,380.981760998675,372.056991073483,364.2855826364,357.46717129705,351.425874670774,346.018850293449,341.134594331156,336.687135623337,332.609969914456,328.851040483892,325.36898088755,322.130393636255,319.10788687309,306.55039269862,297.076420474004,289.699219832961,283.834770030073,279.106082166972,275.255510058863,272.09945086408,269.502650889018,267.362601815876,265.599632044343,264.150376141365,262.96337312176,261.996050514948,261.212654096758,260.582818889385,260.080602245068,259.683798877544,259.373449967198,259.13347352225,258.950336179921,258.812760338386,258.711442538335,258.638782904631,258.588629343329,258.556043182998,258.537082056579,258.528625002505,258.528208450873,258.533896429307,258.544172961844,258.557854096152,258.574017571312,258.591946738749,258.611086166999
58,487.819292471052,490.176959945859,469.35872455825,449.609788310127,432.072438758814,416.613728813315,403.054488917743,391.215615513723,380.922898917228,371.98905163218,364.210507757133,357.386900489268,351.342069145554,345.932811506328,341.047295070535,336.599287155234,332.522088162559,328.763499197556,325.282051246186,322.044272804094,319.02271819113,306.471066725058,297.003457806728,289.632505959552,283.774031521573,279.051017492343,275.205824575846,272.05486177262,269.462883013847,267.327380378617,265.568675989961,264.123393212295,262.940057487485,261.976083353003,261.195705797207,260.568560115944,260.068703688464,259.673944362217,259.365342405629,259.126840736165,258.944934635028,258.808376793755,258.707893827754,258.635914282524,258.586311888416,258.554170719474,258.535567922262,258.527398979415,258.527213864209,258.533087901875,258.543514083798,258.557315738257,258.573576438906,258.591584197219,258.610787296093
59,487.762414665121,490.14634275172,469.355357334716,449.602219187161,432.057227953576,416.588617940584,403.018348591604,391.168309497031,380.865159025363,371.922360304785,364.136770338283,357.308026092113,351.259696143114,345.848224925423,340.96145605376,336.5128987249,332.435660388711,328.677401659374,325.196552146925,321.959567186537,318.938947892709,306.393044629741,296.931701648484,289.56690497546,283.714317214068,278.996893006162,275.156999402128,272.011056784444,269.423826242296,267.292800061902,265.538294034614,264.09692042203,262.917191323755,261.956508609825,261.179098133284,260.554591967453,260.05705165166,259.664297046407,259.357407523936,259.120350774552,258.939650452778,258.804089171029,258.704423184259,258.633108998524,258.584045714847,258.552339727918,258.534087315766,258.52620007142,258.526241302758,258.532297244834,258.542869733187,258.556789216881,258.573144974807,258.591229574529,258.610494930013
60,487.705720393468,490.115680377255,469.352045825746,449.594822862663,432.04236487877,416.564045177535,402.982947392027,391.121928661987,380.808502284787,371.856874400803,364.064325183851,357.230501339251,351.178707971056,345.765042399541,340.877029000121,336.4279221542,332.350638682296,328.592700342636,325.112436529581,321.876230248193,318.856530007909,306.316281322294,296.861112232751,289.502377790883,283.655593104662,278.94367737244,275.109005707886,271.968009428211,269.385456395349,267.258838892579,265.508466330244,264.070939967317,262.894758787422,261.937312309128,261.162817607071,260.540903873368,260.045637077227,259.654849244743,259.349638861453,259.113998252736,258.934479179493,258.7998938107,258.701027617158,258.630364618969,258.581828848557,258.550548610567,258.532638945613,258.525027235182,258.525289847712,258.531523698974,258.542239279823,258.556274006105,258.572722737416,258.590882497226,258.610208750374
61,487.649200807376,490.084976202589,469.348787464147,449.587592499756,432.027829363368,416.539990655886,402.948258812569,391.076440659556,380.752891624242,371.792547854359,363.993129360565,357.154281771957,351.099059274456,345.683218132803,340.793967993929,336.344311623261,332.266977475355,328.509350043253,325.029659632959,321.794217726478,318.775420811667,306.240740412057,296.791651738073,289.43889396487,283.597826860581,278.891340758622,275.061816058078,271.925694545478,269.347750498305,267.225475997157,265.47917402738,264.045434945854,262.872744842188,261.918481191197,261.146852634854,260.527485812865,260.034451382083,259.645593677043,259.342030300213,259.10777807316,258.929416599948,258.795787249712,258.697704296494,258.627678840907,258.579659421214,258.548795854856,258.531221588643,258.523879481986,258.524358699681,258.530766617485,258.541622199727,258.555769680831,258.572309381243,258.59054268401,258.609928527684
62,487.592854521782,490.054233458791,469.345579826046,449.580521635218,432.013600362772,416.516435542536,402.914257701599,391.031814765827,380.698291810384,371.729352973889,363.923142019376,357.079325085438,351.020706917313,345.602708562072,340.712229302825,336.262023517052,332.184633391815,328.427307730399,324.948178847014,321.713487485494,318.695578679452,306.166380886863,296.723284162896,289.376417926766,283.540987708551,278.839854777792,275.015404351382,271.884088205432,269.310686702263,267.192691529902,265.450399209628,264.020389296923,262.851135205202,261.90000266522,261.131192221392,260.514328277857,260.023486425447,259.636523440829,259.334576041624,259.101685405832,258.924458721133,258.791766208166,258.694450542262,258.625049483468,258.577535663422,258.547080028026,258.529834085975,258.522755874738,258.523447100641,258.530025386645,258.541017995363,258.555275837043,258.57190457956,258.590209868966,258.609654045193
63,487.536680177162,490.023455234906,469.342420620761,449.573604153507,431.999683432389,416.493361970314,402.880920171923,390.988017007021,380.644669329129,371.667247680173,363.854324271107,357.005590998757,350.94360978746,345.523472168076,340.631771362349,336.181016286871,332.103565108757,328.346532408937,324.867953576773,321.633999381478,318.616963954382,306.093165756878,296.655975210288,289.314917948489,283.485046347837,278.789192415995,274.969745735122,271.843167626373,269.274244211983,267.160466606739,265.422124833389,263.995787746833,262.829916297962,261.88186476554,261.115825921247,260.501422239121,260.012734479441,259.62763198611,259.327270585063,259.095715670312,258.919601757335,258.787827577056,258.691263814447,258.622474479836,258.575455898301,258.54539977217,258.528475339078,258.521655524948,258.522554331661,258.529299424921,258.540426195206,258.554792091796,258.571508014925,258.589883791958,258.609385088896
64,487.480676438503,489.992644484647,469.339307681522,449.566834262962,431.986059055222,416.470752974294,402.84822351855,390.945029049756,380.591992276293,371.606197013036,363.786639063204,356.933041122855,350.867728710727,345.445469382949,340.552554462751,336.101250321218,332.023733228422,328.266984992619,324.788945116795,321.555715138747,318.539538824747,306.021059748402,296.589692181674,289.254363742878,283.429974839698,278.739327919476,274.924816526883,271.802911103408,269.238403219352,267.128783244331,265.394334672398,263.971615758659,262.809075201182,261.864056111358,261.100743803162,260.488759115091,260.002188202066,259.618913092177,259.320108708215,259.089864519241,258.914842116389,258.783968406945,258.688141703769,258.61995186977,258.573418535528,258.54375379944,258.527144306313,258.520577590074,258.521679710924,258.528588177734,258.539846348919,258.554318078633,258.571119394256,258.589564214551,258.609121464584
65,487.424841994199,489.961804032793,469.336238956979,449.560206473961,431.972716743459,416.448592433247,402.816146143239,390.902819762042,380.54023025684,371.546167649502,363.72005106608,356.861638845232,350.793026320763,345.368662458994,340.474540703888,336.022687826869,331.945100160131,328.188628187007,324.711116535358,321.478598235196,318.463267210882,305.950029210282,296.524403878771,289.194726557475,283.375746532975,278.690236724514,274.880594142194,271.763297941716,269.203144842028,267.097624224801,265.367013266543,263.947859485961,262.788599613137,261.846565869626,261.08593641725,260.47632945616,259.991840612319,259.6103608463,259.313085448932,259.084127823077,258.910176387012,258.780185897521,258.685081923154,258.617479792685,258.571422065819,258.542140887663,258.525839998068,258.519521269413,258.5208225902,258.52789112196,258.539278032293,258.553853453004,258.570738435246,258.589250906168,258.608862983459
66,487.369175555156,489.93093658121,469.333212503431,449.553715578897,431.959646535234,416.426865015706,402.784667484741,390.861363941723,380.489354291838,371.487127803471,363.6545265681,356.791349221997,350.719466946611,345.293015359391,340.397691203493,335.945292718968,331.867630011102,328.111426381269,324.634432567311,321.402613796438,318.388114660636,305.880042006586,296.460080459859,289.135978762146,283.322335990128,278.641895327307,274.837056969039,271.724308341492,269.168451021176,267.066973383137,265.340145874666,263.924505730017,262.768477811299,261.829383720816,261.071394764771,260.464128056689,259.981685067296,259.601969624064,259.306196088591,259.078501656096,258.905601327123,258.776477387953,258.682082299849,258.615056481244,258.569465055301,258.54055912423,258.524561475723,258.518485803761,258.519982355081,258.527207759098,258.538720840743,258.553397885916,258.570364869802,258.588943647825,258.60860946622
67,487.313675853879,489.900032579202,469.330226477641,449.547356633715,431.946838960887,416.405556130242,402.753767954466,390.820637559064,380.439336732464,371.429047133034,363.590033378344,356.722138877887,350.647016515129,345.218493656135,340.321976898806,335.869030519313,331.791288485404,328.035345548011,324.558859515022,321.327728497812,318.314048252602,305.811067352043,296.396693595006,289.078094050159,283.269718861698,278.594281465074,274.794184559338,271.685923573609,269.134304669079,267.036815009772,265.313718366092,263.901541900348,262.748698616831,261.812499827311,261.057110270225,260.452146237304,259.971715241027,259.593734071233,259.29943613668,259.072982283467,258.9011138531,258.772840348019,258.679140768018,258.612680255269,258.567546141469,258.539008906178,258.523307846567,258.517470470926,258.519158420976,258.526537615406,258.538174389755,258.552951064695,258.569998443121,258.588642231394,258.608360742418
68,487.258341643643,489.869118358339,469.32727913028,449.541124940926,431.934285011857,416.384651879514,402.723428877033,390.78061768596,380.390151180366,371.371896654642,363.526540736705,356.653975913927,350.575642454495,345.145064422505,340.24736204555,335.793868262115,331.716042790349,327.960353150496,324.484365156482,321.253910473626,318.241036506487,305.743076069076,296.334215976563,289.021045318774,283.217872030804,278.547373653022,274.751957158386,271.648125543267,269.100689284451,267.007134205476,265.287717461509,263.878955978175,262.72925136179,261.795904804187,261.043074755536,260.44037694153,259.961925104947,259.585649087025,259.292801316624,259.067566091558,258.896710945893,258.769272252179,258.676255362207,258.610349516505,258.565664028061,258.537488435336,258.522078261567,258.51647458407,258.518350231913,258.525880240336,258.53763831364,258.552512691962,258.569638912844,258.588346458892,258.608116649935
69,487.203171697744,489.838184555748,469.32436879985,449.535016033961,431.921976111952,416.364139017839,402.693632435227,390.741282430337,380.341772413962,371.315648663556,363.464019230522,356.586829821542,350.505313607873,345.072696202314,340.173815050577,335.719774406585,331.641861549645,327.886418056532,324.410918660145,321.181129232916,318.1690492999,305.676039943561,296.272621570454,288.964812317666,283.166773191143,278.501151417531,274.710355954417,271.610897025604,269.067589170221,266.977916729795,265.262130233239,263.856736434314,262.710125858725,261.779589692143,261.029280416165,260.42881343753,259.952308909835,259.577709808634,259.286287529637,259.0622498278,258.892390006425,258.765771086217,258.673424117183,258.608062630817,258.563817481129,258.535996712745,258.520871912605,258.51549748947,258.517557258735,258.525235205058,258.537112264326,258.552082484652,258.56928604828,258.588056141865,258.607877034421
70,487.148164808763,489.807233436773,469.321493907091,449.529025662707,431.909904090813,416.344004911864,402.664361619043,390.702610875352,380.294176319995,371.260276659963,363.402440717075,356.520671402956,350.436000152585,345.001358834114,340.101305635557,335.646718755737,331.568714722735,327.813510458572,324.338490505793,321.109352768396,318.098057791115,305.60993207755,296.211885448846,288.90937015713,283.116401081156,278.455595163038,274.66936294509,271.57422153921,269.034989303307,266.949148963025,265.236944045327,263.834872410135,262.691312318968,261.763545932416,261.015719799001,260.417449298801,259.942861169093,259.569911588753,259.279890942736,259.057030178793,258.888148248872,258.762334488378,258.670645473193,258.60581841686,258.562005246268,258.53453269979,258.519688029972,258.514538564488,258.516778997446,258.524602101138,258.536595910286,258.551660173149,258.568939629682,258.587771100779,258.60764174884
71,487.093319787901,489.776267170034,469.318652949845,449.523149780134,431.898061159333,416.324237504183,402.635600178367,390.66458302297,380.247339830025,371.205755280422,363.341778251662,356.455472697124,350.367673524924,344.931023445938,340.029804904491,335.574672380923,331.496573529831,327.741601799335,324.267052410964,321.038558701617,318.028034347252,305.544726700199,296.151983731605,288.854696705823,283.066735324585,278.410686122477,274.628960891709,271.538083304421,269.002875303288,266.920817870828,265.212147895427,263.813353333488,262.672801564784,261.747765289537,261.002385781831,260.406278386216,259.933576640692,259.562250017872,259.273607812638,259.051904062892,258.883983131582,258.75896037953,258.667917587088,258.603615320771,258.560226392607,258.533095698861,258.518525824712,258.513597157984,258.516014908541,258.523980479404,258.536088935519,258.551245500451,258.56859944757,258.587491164494,258.607410653015
72,487.038635464339,489.745287831907,469.3158302138,449.517384529952,431.886439886878,416.304825279539,402.60733257914,390.627179749503,380.201240861346,371.152060234074,363.282006020677,356.391206910901,350.300306350182,344.861662364799,339.95928503591,335.50360751209,331.42541038212,327.670664702642,324.196577262491,320.968717438824,317.958952477447,305.480399105524,296.092893524614,288.800770800505,283.017756392262,278.366406311233,274.589131998004,271.502467205993,268.971233396366,266.892910971352,265.187730175942,263.792169160188,262.654584601156,261.732240072443,260.989271507812,260.395294830696,259.924450323883,259.554720853223,259.26743459678,259.046868539373,258.879892230673,258.755646774264,258.665238840915,258.601452029371,258.558479728398,258.531684708908,258.517384731016,258.512672843833,258.515264677407,258.52337011398,258.535591004385,258.550838187213,258.568265267929,258.587216135423,258.60718357854
73,486.984103105254,489.714297410799,469.313052306779,449.511726235119,431.875033180185,416.285757233468,402.579543962494,390.590382723397,380.155858262062,371.099168243238,363.22309927926,356.327848354889,350.233872377543,344.793249051094,339.889719394211,335.433497646836,331.35519876893,327.600672837787,324.127039052724,320.899803258539,317.890786770521,305.416925594364,296.03459286752,288.747572148547,282.969445555728,278.32273848418,274.549862978549,271.467358752832,268.940050381833,266.865416304602,265.163680120466,263.771310270147,262.636652904515,261.716962697502,260.976370599902,260.384493020839,259.915477427469,259.547320050824,259.261367910407,259.041920798332,258.875873230348,258.752391775695,258.662607688711,258.599327287573,258.556764237599,258.530298908969,258.5162639929,258.51176498962,258.514527772027,258.522770554396,258.535101912918,258.550438083071,258.567936983556,258.586945941395,258.606960482048
74,486.929736572394,489.683297811188,469.310304228914,449.506171387257,431.863834263744,416.267022843137,402.552220106849,390.554174412507,380.111167089151,371.047056988101,363.165034293244,356.26537238367,350.168346419321,344.725758037447,339.821082417999,335.364317196894,331.285913410175,327.531601163325,324.05841272539,320.831791473557,317.823512834436,305.354283420312,295.977060684253,288.69508127132,282.921784843992,278.27966609568,274.511137369492,271.432744046023,268.909313600788,266.838322403888,265.139987409009,263.750767444211,262.618998307972,261.701926002834,260.963676680548,260.37386758339,259.906652079767,259.540043742861,259.255404516778,259.037058153282,258.87192391681,258.749193570596,258.660022652594,258.597239895382,258.555078948485,258.528937513556,258.515162975996,258.510873083147,258.513803778689,258.522181466208,258.534621330366,258.55004490864,258.567614356514,258.586680377842,258.606741185709
75,486.875527325331,489.652290857423,469.307584741883,449.50071188406,431.852836661576,416.248603578559,402.525347392527,390.518538004852,380.067157168871,370.995705055093,363.107788284943,356.203755339955,350.103704294209,344.659164871594,339.753349562966,335.296041652238,331.217529832547,327.463425377775,323.99067451756,320.764658376007,317.757107253113,305.292450739183,295.920276736288,288.643279465308,282.874757003157,278.237173262238,274.47293874368,271.398609747015,268.879010906988,266.811618269188,265.11664214385,263.73053184252,262.60161298415,261.687123102593,260.951183819616,260.363413373682,259.897972469829,259.532888227532,259.249541318884,259.032278034263,258.86804217261,258.746050424796,258.657482319139,258.595188705016,258.55342293144,258.527599770977,258.514081072985,258.509996633774,258.513092300808,258.521602528556,258.534148996765,258.549658452955,258.567297215294,258.586419305062,258.606525575488
76,486.821474259608,489.621278316387,469.304892663867,449.49535396594,431.842034180273,416.230506498544,402.498912768811,390.483457378821,380.023805251963,370.945091888691,363.051339382538,356.142974502509,350.03992277439,344.593446063107,339.686497248002,335.228647463126,331.150024615348,327.396122233477,323.923801279706,320.698381090861,317.691547517163,305.231406561782,295.864221577028,288.592148761644,282.828345458703,278.195244727618,274.435256774475,271.364943047946,268.849130639599,266.785293342298,265.093634826972,263.710594984216,262.584489418649,261.672547419,260.938886288777,260.353125462097,259.889433114445,259.525849959857,259.243775351687,259.027577981366,258.864225971327,258.742960678841,258.654985335875,258.593172618172,258.551795296809,258.526284961725,258.51301770237,258.50913517154,258.51239295833,258.521033433753,258.533684662651,258.549278513401,258.566985395001,258.586162588571,258.606313541456
77,486.767576286106,489.590261822337,469.302226866288,449.490089886348,431.831420893213,416.212714130555,402.472903723182,390.448917066405,379.981092042602,370.895197746384,362.995666572762,356.083008037419,349.976979535985,344.528579033603,339.62050280715,335.162111995164,331.083375234159,327.32966937524,323.857770869854,320.632938003671,317.626811990691,305.171130709991,295.808876515584,288.541671888065,282.782534280242,278.15386583022,274.398076174471,271.331731643935,268.819661597787,266.759337483583,265.070956338962,263.690948728915,262.567620408255,261.658192629291,260.926778594317,260.342999122368,259.881029987667,259.518925543119,259.238103774899,259.022955638723,258.860473372591,258.739922743971,258.652530408022,258.591190583403,258.550195192858,258.524992396864,258.511972307259,258.508288246253,258.511705387073,258.520473886835,258.533228088757,258.548904895519,258.566678737269,258.585910099102,258.606104977863
78,486.713832330602,489.559243002561,469.299576698964,449.48491671958,431.820991125833,416.195217624906,402.447308252641,390.4149022187,379.939003113362,370.846003656547,362.940749656645,356.023834952496,349.914853112716,344.464542069856,339.555344440664,335.096413475148,331.017560022755,327.264045300932,323.792561990599,320.56830776517,317.562879862731,305.111603775104,295.754223571871,288.491832233281,282.737308148511,278.113022472555,274.361384007044,271.29896370708,268.79059301686,266.733740950251,265.048597919257,263.671585257101,262.550999033098,261.644052664535,260.914855464686,260.333029820744,259.872759228682,259.512111720861,259.232523866244,259.018408748845,258.856782517421,258.736935098272,258.65011629542,258.589241593651,258.548621803786,258.523721416489,258.510944354171,258.507455426558,258.511029238006,258.519923605039,258.532779045626,258.548537412756,258.566377090094,258.585661712518,258.605899783086
79,486.660241333369,489.528223395117,469.296960028355,449.479831665713,431.810739441913,416.178008495115,402.422114836807,390.381398573707,379.897513505193,370.797491379014,362.886569208043,355.965435054555,349.853522852478,344.401314280179,339.491001172138,335.031530951353,330.952558131673,327.199229318509,323.72815414659,320.504470198453,317.499731105745,305.052807079246,295.700245444795,288.44261381359,282.692652324468,278.072701092679,274.325167828733,271.266627862199,268.761914545998,266.708494375982,265.026551148105,263.652497056698,262.534618645694,261.630121696367,260.903111838786,260.323213205801,259.864617133064,259.505405369407,259.227033015111,259.013935147369,258.853151623852,258.733996283117,258.647741809586,258.587324683896,258.547074347879,258.522471388259,258.50993333186,258.50663629906,258.51036417658,258.51938231728,258.532337313231,258.548175886173,258.566080307638,258.585417309679,258.605697859508
80,486.606802248749,489.497193114465,469.294366539406,449.474832043688,431.800660630723,416.161078599065,402.397312412841,390.34839242617,379.856621247323,370.749643368109,362.833106534827,355.90778890942,349.792968876672,344.338875553464,339.427452807567,334.967444252613,330.888349487522,327.135201505691,323.664527604585,320.441405785735,317.437346436614,304.994722639032,295.64692547742,288.394001241578,282.648552620298,278.032888637425,274.289415664498,271.23471316404,268.733616227402,266.68358875188,265.004807928073,263.633676904919,262.518472856977,261.616394124608,260.891542855111,260.313545098957,259.856600144554,259.498803490883,259.221628716676,259.009532758096,258.849578982862,258.731104899799,258.645405811013,258.58543892895,258.545552075714,258.521241705949,258.508938750196,258.505830467393,258.509709882004,258.518849763589,258.53190268054,258.547820144122,258.56578824995,258.585176776187,258.605499113481
81,486.553514044795,489.46617600533,469.291795288109,449.469915284889,431.790749693429,416.144420119396,402.372890351936,390.315870599323,379.816304168822,370.702442737994,362.780343642394,355.850877804338,349.733172041999,344.277206520692,339.364679896826,334.904133949886,330.82491475486,327.071942672133,323.601663372821,320.379095725837,317.375707280109,304.937333131467,295.594247625306,288.34597969677,282.604995372255,277.993572537161,274.254115984523,271.203209075914,268.705688476639,266.659015408762,264.983360469398,263.615117854476,262.502555523209,261.602864565603,260.880143841491,260.304021485564,259.848704847423,259.492301579848,259.216308566375,259.005199588398,258.846062954529,258.728259606381,258.643107206571,258.583583441378,258.544054268491,258.520031788118,258.50796013908,258.505037551396,258.509066046584,258.518325694599,258.531474945091,258.547470021894,258.565500782782,258.584940002395,258.605303455156
82,486.500375702897,489.435162352085,469.289245370417,449.46507892712,431.781001839262,416.128025549372,402.348838437247,390.283820418375,379.776547563595,370.655873230154,362.728263199497,355.794683712737,349.674113904618,344.216288518807,339.302663697512,334.841581320253,330.762235300314,327.009434323888,323.539543094559,320.317521899424,317.314795734537,304.880621861897,295.542196426757,288.29853489805,282.561967415086,277.95474068225,274.219257682424,271.172105449647,268.678122064346,266.634765999856,264.962201273737,263.596813219845,262.486860733684,261.589527841366,260.868910305524,260.294638506565,259.840927959262,259.485900112873,259.211070254718,259.000933724857,258.842601964439,258.725459114751,258.640844947121,258.581757369524,258.542580236435,258.518840372452,258.506997047426,258.504257186273,258.508432375047,258.517809870993,258.531053912613,258.547125361455,258.565217777255,258.584706882924,258.605110798157
83,486.44738621747,489.404153455538,469.286715920123,449.460320608975,431.771412462006,416.111887675108,402.325146843235,390.252229685642,379.737337240894,370.609919182849,362.676848516894,355.739189261102,349.615776686452,344.156103556781,339.241386140936,334.779765671801,330.700293158955,326.947658630027,323.478149129035,320.256666836294,317.254594539471,304.824572733864,295.49075697485,288.251653077741,282.519456058072,277.916381400858,274.18483005476,271.14139250676,268.650908040836,266.610832485758,264.941323120133,263.578756564373,262.471382799222,261.576378969326,260.857837925603,260.285392450687,259.833266324248,259.479593529963,259.205911562434,258.996733329234,258.839194500322,258.722702187838,258.638618025221,258.57995989567,258.541129317307,258.517668330052,258.506049042188,258.503489021805,258.507808583938,258.517302063027,258.530639396555,258.546786011028,258.564939109609,258.584477316616,258.604921059608
84,486.394544595588,489.373150563408,469.284206106834,449.455638064576,431.76197714118,416.095999561749,402.301806116278,390.221086657202,379.698659563226,370.564565502397,362.626083470706,355.684377697807,349.558143243505,344.096634283653,339.180829800151,334.718674853007,330.639071002551,326.88659839121,323.417464438851,320.196513684689,317.195087045373,304.769170220801,295.439914891129,288.205320957222,282.477449062447,277.878483438087,274.150822781801,271.111060820733,268.624037964999,266.587207060719,264.92071896786,263.560941688204,262.456116241314,261.563413152743,260.846922542454,260.2762797471,259.825716906837,259.473381840774,259.200830355948,258.992596634643,258.835839108905,258.71998763702,258.636425473023,258.578190234304,258.539700875002,258.516514444102,258.505115707434,258.502732721645,258.507194401001,258.516802050033,258.530231217746,258.546451824832,258.564664660961,258.58425120628,258.604734159839
85,486.341849856702,489.342154872644,469.281715134107,449.451029118646,431.752691628491,416.08035453889,402.278807156434,390.190380020923,379.660501375379,370.519797636158,362.575947282224,355.630232863797,349.501197036031,344.037863958509,339.120977859821,334.658289446178,330.57855210981,326.82623701301,323.357472582734,320.137046182291,317.136257185012,304.714399333714,295.389656300849,288.159525724003,282.435934620161,277.841035936358,274.117225909401,271.081101300371,268.597503499177,266.563882387205,264.900382302792,263.543362616851,262.441055781966,261.550625771682,260.836160151248,260.267296958502,259.818276785814,259.467261306991,259.195824583074,258.988521941989,258.832534392925,258.717314319674,258.634266360243,258.576447630498,258.538294298221,258.515378220226,258.504196643487,258.501987962571,258.506589564617,258.516309619954,258.529829203999,258.546122662763,258.564394317051,258.584028458511,258.604550022291
86,486.289301032332,489.311167531624,469.279242237677,449.446491681864,431.743551839711,416.064946188057,402.256141200301,390.16009887581,379.622849993472,370.475601556911,362.526435415316,355.576739164989,349.444922100451,343.979776422135,339.061814087931,334.598593233269,330.518720338209,326.76655839514,323.298157619012,320.078248530661,317.078089446517,304.660245624086,295.33996780966,288.114255010086,282.394901333862,277.80402841687,274.084029831945,271.051505152255,268.571296672515,266.54085118488,264.880306544397,263.526013526814,262.42619633414,261.538012374518,260.825546894113,260.258440774684,259.810943148723,259.461229561562,259.190892269029,258.984507616609,258.829279008369,258.714681136905,258.63213979231,258.574731358367,258.536908999228,258.514259183106,258.503291466108,258.501254433859,258.505993823275,258.515824568923,258.529433189777,258.545798390125,258.564127968023,258.583808983493,258.604368573336
87,486.236897165779,489.280189642253,469.276786683824,449.442023746554,431.734553846586,416.04976833034,402.233799804933,390.130232712588,379.585693182847,370.43196369675,362.477528231538,355.523881551402,349.389303022878,343.922356070352,339.003322809,334.539570551617,330.459560097596,326.707547239086,323.239504370548,320.020105785373,317.020568752897,304.606695104202,295.290836481611,288.069494911816,282.354338198067,277.76745076223,274.051225276273,271.022263958168,268.545409791424,266.518106503513,264.860485456483,263.508889011981,262.411532925005,261.525568669976,260.815079053154,260.249708006383,259.803713286631,259.455284325157,259.186031512653,258.980552085123,258.826071661845,258.712087031352,258.6300449086,258.57304071964,258.535544412684,258.513156875581,258.502399805723,258.500531836648,258.505406935069,258.515346700862,258.529043015856,258.545478877357,258.563865508211,258.583592694822,258.604189742157
88,486.184637311868,489.249222261589,469.274347767827,449.437623382599,431.725693869205,416.034815014845,402.21177483263,390.100771395353,379.549019137322,370.388870992899,362.429211767398,355.471645470922,349.334324914164,343.865587828845,338.945488878909,334.481206268829,330.40105632512,326.649188471803,323.181497938164,319.962603169758,316.963678158758,304.553734280739,295.242249818402,288.025237795916,282.314234581351,277.731293199981,274.018803286529,270.993369514651,268.519835428178,266.495641633893,264.840913020135,263.491983619877,262.397060984492,261.513290453008,260.804753043827,260.241095579601,259.796584589166,259.449423401937,259.18124048286,258.976653832466,258.822911108124,258.709530985206,258.627980880755,258.571375042292,258.534199994545,258.512070857716,258.501521306722,258.499819883364,258.504828667228,258.514875827091,258.528658529018,258.545163999779,258.563606835919,258.583379509348,258.604013460583
89,486.132520536682,489.218251222842,469.271924812494,449.43328873361,431.716968268827,416.020080507878,402.190058436669,390.071705144347,379.512816459559,370.346310816687,362.381472533746,355.420016880484,349.279973386298,343.809457129404,338.888297661071,334.423485759035,330.343194451782,326.59146765224,323.124124005013,319.905726522571,316.907408890019,304.50135010574,295.194195739824,287.981470564435,282.274580209567,277.69554628709,273.986755209834,270.964813923672,268.494566408526,266.473450096887,264.821583423833,263.475292178749,262.382775842818,261.501173892827,260.794565351811,260.23260044936,259.789554539912,259.443644675617,259.176517415324,258.972811399091,258.819796147843,258.70701201828,258.625946911155,258.569733679294,258.532875221039,258.511000705998,258.500655626751,258.499118297173,258.50425879567,258.514411765968,258.528279581763,258.544853637354,258.563351853241,258.583169347019,258.603839662983
90,486.080545917295,489.187307387744,469.269517166828,449.42901801334,431.708373541085,416.00555928271,402.168643047821,390.043024519649,379.477074142567,370.30426642982,362.334297494613,355.368982199971,349.226234530179,343.753949887475,338.831735003992,334.36639488047,330.285960422102,326.53437081171,323.067368727211,319.849462150212,316.851744758501,304.44952996223,295.146662565234,287.938182366102,282.235365090747,277.660200895316,273.955072676986,270.936589552619,268.469595800315,266.451525633119,264.802491054197,263.458809693882,262.368673094954,261.489215028607,260.784512782086,260.22421995815,259.782620635238,259.437946105725,259.171860609297,258.969023378368,258.8167256253,258.704529186222,258.623942231423,258.568116007407,258.531569587679,258.509946012519,258.499802436101,258.498426811448,258.50369710459,258.51395434256,258.52790603203,258.54454767448,258.563100465873,258.58296213072,258.603668286133
91,486.02871254156,489.156376977514,469.267124204732,449.424809502284,431.699906309656,415.991246009961,402.147521361648,390.014720405832,379.441781552239,370.262735054694,362.287674047147,355.318528297952,349.173094894569,343.699052480963,338.775787219988,334.309919954301,330.229340606241,326.477884432432,323.011218713128,319.793796806288,316.796672676538,304.398261645407,295.099638996113,287.895362939327,282.196579745694,277.625248197343,273.923747614405,270.908689022441,268.444916902781,266.429862193189,264.783630487129,263.442531339825,262.35474848558,261.477410143894,260.774592017862,260.215951196278,259.775780708094,259.432325627293,259.167268424677,258.965288414078,258.813698426427,258.702081578827,258.621966101056,258.566521426046,258.530282608357,258.508906384261,258.498961417096,258.497745169316,258.503143386056,258.513503388313,258.527537742934,258.544245999755,258.562852582948,258.582757786137,258.603499269106
92,485.977014058468,489.125452870395,469.264745323798,449.420661544519,431.691563320255,415.977135548512,402.126686326495,389.986783997412,379.406928410825,370.221700812244,362.241590002709,355.268642472193,349.120541466219,343.644751730179,338.72044106511,334.254047744583,330.173321827604,326.421995433628,322.955661003851,319.738717672284,316.742179979109,304.347533344811,295.053114099503,287.853002079187,282.158214811449,277.590679653706,273.892772192504,270.881105196582,268.420523236365,266.408453928455,264.764996479525,263.426452452973,262.340997902654,261.465755647439,260.764799951262,260.207791525572,259.769032395543,259.426781561801,259.162739169266,258.961605198101,258.810713476842,258.69966831844,258.620017806123,258.564949356236,258.529013814486,258.507881442378,258.498132263529,258.497073123164,258.502597439647,258.513058740758,258.52717458253,258.543948505795,258.562608116866,258.582556241623,258.60333255314
93,485.925460405496,489.094551876684,469.262379943285,449.416572544676,431.683341434968,415.963222936948,402.10613113217,389.959206785173,379.372504781331,370.18115267465,362.196033569003,355.219312431124,349.068561651018,343.591034878835,338.665683720138,334.198765439307,330.117891331223,326.366691152823,322.900683054681,319.684212339284,316.688254405783,304.297333627488,295.007077231451,287.81109002687,282.120261292995,277.556486935571,273.862138842579,270.853831170485,268.396408533155,266.387295182283,264.746583961365,263.410568524533,262.327417371285,261.454248067192,260.7551335867,260.199738374125,259.762373516793,259.421311944981,259.158271567436,258.957972354871,258.807769740032,258.697288558465,258.61809665803,258.563399239595,258.52776275417,258.506870821546,258.497314680124,258.496410434232,258.50205907209,258.512620243231,258.526816423585,258.543655089042,258.562366983143,258.58235742811,258.60316808163
94,485.874045321862,489.063666895507,469.260027506161,449.412540965107,431.675237626896,415.949503385437,402.085849199225,389.93198054316,379.338501052748,370.141079971537,362.150993332938,355.170526276388,349.017143253312,343.537889576104,338.611502772562,334.14406063141,330.06303676592,326.311959328148,322.846272717613,319.630268790625,316.634884083609,304.247651355435,294.96151828757,287.769617326565,282.082710481464,277.522662235857,273.83184023834,270.826860261661,268.372566727775,266.366380481792,264.728388028262,263.394875193855,262.314003047722,261.442884048335,260.745590021867,260.191789256575,259.755801965147,259.415915008162,259.153862707232,258.954388926125,258.804866108745,258.694941481943,258.616201992361,258.561870537405,258.526528991462,258.505874169329,258.49650838204,258.495756872189,258.50152809696,258.512187744591,258.526463143348,258.5433656496,258.562129100289,258.582161278928,258.603005799885
95,485.822767936277,489.032798721204,469.257687473952,449.408565323242,431.667248975178,415.935972268102,402.065834168834,389.905097316433,379.304907926082,370.101472375766,362.106458244807,355.12227248618,348.966274471319,343.485303859563,338.557886199498,334.089921306063,330.008746167403,326.257788081554,322.792418224731,319.576875385502,316.582057510919,304.19847595419,294.916427251593,287.728574822207,282.045553942119,277.489197615367,273.80186928568,270.800186000293,268.3489919488,266.345704530023,264.710403934371,263.379368242114,262.300751214141,261.431660345284,260.736166450189,260.183941770698,259.749315704765,259.410589042392,259.149513735419,258.950853579152,258.802001863515,258.692626207334,258.614333057749,258.560362729696,258.525312105609,258.504891145624,258.495713094386,258.495112214767,258.501004334331,258.511761098987,258.526114623368,258.543080091053,258.56189438963,258.581967729742,258.60284565515
96,485.771627387152,489.001948116488,469.255359328284,449.404644189076,431.659372660157,415.922625115769,402.046079893212,389.878549409419,379.271716401095,370.062319887271,362.06241760294,355.074539899627,348.915943861292,343.433266139081,338.50482235157,334.036335817656,329.955007942215,326.204165902931,322.739108172465,319.524020843417,316.529763541942,304.149796942654,294.87179450617,287.687953638417,282.008783502933,277.456085631646,273.772219112975,270.773802120309,268.325678510577,266.32526219851,264.692627085701,263.364043586132,262.287658273478,261.420573817772,260.726860157402,260.176193593803,259.742912767611,259.405332395871,259.145221996853,258.947365179765,258.799175922604,258.690342188134,258.612489490126,258.55887522995,258.524111598582,258.503921422057,258.494928551792,258.494476247382,258.500487610511,258.511340165609,258.525770749272,258.542798320307,258.561662775229,258.581776718424,258.602687596471
97,485.720622822402,488.971115813747,469.253042569741,449.400776182749,431.651605958915,415.909457609145,402.026580426519,389.852329374914,379.238917763765,370.023612820748,362.018861039316,355.027317701873,348.866140336653,343.381765181485,338.452299937531,333.983292879445,329.90181085253,326.15108163501,322.686331506657,319.471694229385,316.477991372241,304.101604246975,294.827610728721,287.64774517223,281.972391243807,277.42331901126,273.742883061875,270.747702550957,268.302620905527,266.305048520259,264.675053033724,263.348897273246,262.274720743577,261.40962142702,260.717668517606,260.168542479335,259.736591250548,259.40014347153,259.140986162974,258.943922631435,258.796387387155,258.68808855757,258.610670535605,258.557407750251,258.522927353495,258.502964681503,258.494154497959,258.493848762797,258.499977757751,258.510924808467,258.52543141061,258.542520247459,258.561434183719,258.581588184975,258.602531574644
98,485.669753399271,488.940302516278,469.250736715484,449.39695997231,431.643946241004,415.896465572319,402.0073300163,389.826430003662,379.206503574364,369.98534179226,361.975778505845,354.98059540975,348.816853149688,343.33079008001,338.40030800969,333.930781547674,329.84914400171,326.098524459036,322.634077508394,319.419884939952,316.426730524868,304.053888098694,294.783866879531,287.607941082479,281.936369486287,277.390890703401,273.713854678593,270.721881408758,268.279813796801,266.285058683065,264.657677469313,263.333925475227,262.261935252906,261.398800231507,260.70858898953,260.160986253642,259.730349312568,259.395020724699,259.13680494897,258.940524873768,258.793635387851,258.685864606965,258.608875619055,258.555959737971,258.521758715824,258.502020617573,258.493390685277,258.493229560802,258.499474613991,258.510514896173,258.52509650066,258.542245785636,258.561208544227,258.581402071413,258.602377542115
99,485.619018284154,488.909508899445,469.248441301239,449.393194271609,431.636390964433,415.883644966631,401.988323095306,389.800844314443,379.174465656215,369.947497706937,361.933160261389,354.934362858587,348.768071877847,343.280330308804,338.348835950123,333.878791207788,329.796996820612,326.046483881196,322.582335780541,319.368582689875,316.37597083724,304.006639022489,294.740554190197,287.568533279248,281.900710783808,277.358793870894,273.685127705609,270.696332989935,268.257252011314,266.265288023178,264.640496217257,263.319124483416,262.249298535976,261.388107382868,260.699619112981,260.153522812904,259.724185172203,259.389962660918,259.132677111955,258.93717088102,258.790919083753,258.683669650675,258.607104205569,258.554530655334,258.520605411012,258.501088934146,258.492636874444,258.492618447895,258.498978022598,258.510110301745,258.524765916282,258.541974850884,258.56098578824,258.581218321694,258.602225452912
100,485.568416652429,488.878735611813,469.246155878159,449.389477838261,431.628937671838,415.870991884856,401.969554273784,389.775565544663,379.142796084924,369.910071747295,361.890996859408,354.888610189375,348.719786410704,343.230375600073,338.297873457459,333.827311561331,329.745359054522,325.994949719666,322.531096234948,319.317777499475,316.325702449108,303.959847824547,294.697664152932,287.529513913859,281.86540792301,277.327021881635,273.656696073775,270.671051763141,268.234930533133,266.245732019277,264.623505230484,263.304490703825,262.236807428997,261.377540122105,260.690756505499,260.146150120241,259.718097105025,259.384967833861,259.128601449211,258.933859660682,258.788237661173,258.681502934527,258.605355705238,258.553120120908,258.519467084819,258.500169344925,258.491892834095,258.492015237006,258.498487832143,258.509710902416,258.524439557758,258.541707362019,258.560765849521,258.581036881635,258.602075262592
